69.00;0.00;0.00;0.00;6.00;0.00;0.00;0.00;0.00;0.00;0.00;0.00;0.00;0.00;0.00;0.00;0.00;0.00;0.00;0.00;0.00;0.00;0.00;3.00;0.00;2.00;6.00;0.00;1.00;3.00;0.00;0.00;1.00;2.00;0.00;0.00;1.00;0.00;0.00;0.00;0.00;0.00;1.00;0.00;0.00;0.00;0.00;0.00;0.00;0.00;0.00;0.00;1.00;0.00;0.00;0.00;0.00;0.00;0.00;0.00;0.00;0.00;3.00;0.00;0.00;0.00;0.00;0.00;0.00;0.00;0.00;0.00;0.00;0.00;0.00;0.00;0.00;0.00;0.00;0.00;0.00;0.00;0.00;0.00;0.00;0.00;0.00;0.00;0.00;0.00;0.00;0.00;0.00;0.00;0.00;0.00;0.00;1.00
0.00;37.00;15.00;17.00;0.00;0.00;0.00;0.00;1.00;0.00;0.00;3.00;1.00;0.00;0.00;1.00;0.00;2.00;0.00;2.00;0.00;0.00;0.00;0.00;0.00;1.00;0.00;0.00;0.00;0.00;0.00;0.00;0.00;0.00;1.00;0.00;0.00;0.00;0.00;0.00;0.00;0.00;0.00;0.00;0.00;0.00;0.00;0.00;0.00;0.00;2.00;1.00;0.00;0.00;0.00;3.00;2.00;2.00;1.00;0.00;1.00;0.00;0.00;0.00;0.00;0.00;0.00;1.00;0.00;0.00;0.00;1.00;1.00;0.00;1.00;0.00;0.00;0.00;0.00;1.00;0.00;0.00;0.00;0.00;1.00;0.00;0.00;1.00;0.00;0.00;0.00;0.00;0.00;0.00;0.00;0.00;0.00;0.00
0.00;10.00;40.00;9.00;1.00;0.00;0.00;0.00;0.00;1.00;0.00;0.00;1.00;0.00;0.00;0.00;0.00;1.00;0.00;1.00;0.00;2.00;1.00;0.00;0.00;0.00;0.00;0.00;1.00;0.00;0.00;0.00;0.00;0.00;0.00;3.00;0.00;1.00;1.00;2.00;0.00;0.00;0.00;0.00;1.00;0.00;0.00;1.00;0.00;0.00;0.00;0.00;0.00;4.00;0.00;1.00;0.00;3.00;0.00;0.00;1.00;0.00;0.00;1.00;0.00;1.00;0.00;3.00;2.00;0.00;0.00;0.00;0.00;1.00;0.00;0.00;0.00;0.00;0.00;0.00;0.00;2.00;0.00;0.00;0.00;1.00;0.00;0.00;0.00;0.00;1.00;2.00;0.00;0.00;0.00;0.00;0.00;0.00
0.00;13.00;7.00;16.00;1.00;1.00;0.00;1.00;1.00;0.00;1.00;0.00;2.00;1.00;1.00;0.00;0.00;3.00;0.00;0.00;0.00;6.00;0.00;0.00;0.00;1.00;0.00;0.00;1.00;0.00;2.00;0.00;1.00;1.00;1.00;0.00;0.00;0.00;2.00;0.00;0.00;1.00;1.00;0.00;0.00;0.00;0.00;0.00;0.00;0.00;2.00;2.00;0.00;2.00;0.00;5.00;0.00;4.00;4.00;3.00;0.00;0.00;0.00;0.00;0.00;1.00;0.00;2.00;0.00;1.00;0.00;0.00;0.00;1.00;0.00;0.00;0.00;0.00;0.00;1.00;0.00;2.00;0.00;3.00;0.00;0.00;0.00;0.00;0.00;0.00;0.00;0.00;0.00;0.00;0.00;1.00;0.00;1.00
11.00;0.00;1.00;0.00;44.00;4.00;1.00;0.00;0.00;0.00;0.00;0.00;0.00;1.00;1.00;0.00;1.00;1.00;0.00;0.00;0.00;2.00;0.00;3.00;0.00;0.00;4.00;0.00;1.00;0.00;0.00;0.00;3.00;0.00;0.00;0.00;1.00;0.00;0.00;0.00;0.00;0.00;0.00;0.00;1.00;1.00;0.00;0.00;0.00;0.00;0.00;0.00;0.00;3.00;0.00;0.00;0.00;0.00;0.00;0.00;0.00;0.00;1.00;0.00;0.00;0.00;0.00;0.00;0.00;0.00;1.00;0.00;0.00;0.00;1.00;2.00;1.00;0.00;0.00;0.00;0.00;0.00;0.00;2.00;0.00;2.00;1.00;0.00;0.00;0.00;0.00;0.00;0.00;0.00;0.00;1.00;2.00;2.00
0.00;0.00;2.00;0.00;5.00;52.00;1.00;0.00;0.00;0.00;0.00;1.00;2.00;0.00;1.00;1.00;3.00;0.00;0.00;1.00;0.00;1.00;0.00;0.00;0.00;0.00;0.00;0.00;0.00;0.00;0.00;0.00;0.00;0.00;0.00;0.00;1.00;0.00;0.00;0.00;0.00;0.00;1.00;0.00;1.00;4.00;0.00;0.00;0.00;0.00;0.00;0.00;1.00;0.00;1.00;1.00;0.00;0.00;0.00;1.00;1.00;0.00;0.00;1.00;0.00;0.00;0.00;0.00;0.00;1.00;0.00;0.00;4.00;0.00;0.00;2.00;0.00;0.00;1.00;1.00;0.00;0.00;0.00;1.00;0.00;1.00;0.00;0.00;1.00;0.00;0.00;0.00;0.00;0.00;0.00;1.00;1.00;3.00
0.00;0.00;0.00;0.00;1.00;1.00;36.00;17.00;0.00;2.00;0.00;1.00;0.00;0.00;0.00;0.00;1.00;0.00;0.00;0.00;0.00;0.00;0.00;1.00;1.00;0.00;1.00;0.00;0.00;0.00;0.00;0.00;0.00;0.00;0.00;1.00;2.00;0.00;0.00;0.00;2.00;0.00;1.00;2.00;1.00;0.00;1.00;1.00;0.00;0.00;0.00;0.00;0.00;0.00;0.00;0.00;0.00;0.00;0.00;0.00;0.00;0.00;1.00;0.00;0.00;0.00;0.00;0.00;1.00;0.00;0.00;0.00;0.00;1.00;2.00;3.00;0.00;0.00;5.00;0.00;0.00;0.00;1.00;1.00;1.00;3.00;0.00;0.00;0.00;0.00;0.00;6.00;0.00;0.00;0.00;0.00;1.00;1.00
0.00;0.00;0.00;0.00;0.00;2.00;20.00;25.00;0.00;5.00;2.00;0.00;0.00;0.00;0.00;3.00;0.00;0.00;0.00;0.00;0.00;0.00;0.00;0.00;0.00;0.00;0.00;0.00;0.00;0.00;0.00;0.00;0.00;0.00;0.00;1.00;5.00;0.00;0.00;0.00;3.00;0.00;1.00;4.00;5.00;1.00;0.00;6.00;0.00;0.00;0.00;0.00;0.00;0.00;1.00;0.00;1.00;0.00;0.00;0.00;2.00;0.00;0.00;0.00;1.00;1.00;0.00;0.00;1.00;0.00;0.00;0.00;0.00;0.00;0.00;2.00;0.00;0.00;3.00;0.00;0.00;1.00;0.00;0.00;1.00;1.00;1.00;0.00;0.00;0.00;0.00;1.00;0.00;0.00;0.00;0.00;0.00;0.00
0.00;1.00;1.00;0.00;0.00;0.00;0.00;0.00;33.00;4.00;1.00;0.00;0.00;2.00;0.00;1.00;0.00;0.00;0.00;1.00;1.00;0.00;0.00;0.00;0.00;0.00;0.00;0.00;0.00;0.00;0.00;1.00;0.00;0.00;1.00;3.00;0.00;4.00;0.00;2.00;0.00;0.00;0.00;0.00;0.00;0.00;0.00;0.00;0.00;4.00;7.00;1.00;0.00;0.00;0.00;3.00;1.00;0.00;3.00;0.00;0.00;0.00;0.00;0.00;3.00;0.00;0.00;1.00;0.00;2.00;1.00;5.00;1.00;0.00;0.00;0.00;0.00;0.00;0.00;0.00;0.00;7.00;0.00;0.00;0.00;0.00;0.00;0.00;0.00;0.00;1.00;0.00;0.00;0.00;4.00;0.00;0.00;0.00
0.00;0.00;0.00;0.00;0.00;0.00;0.00;1.00;3.00;65.00;2.00;1.00;1.00;2.00;0.00;0.00;1.00;0.00;0.00;0.00;0.00;0.00;0.00;0.00;0.00;0.00;0.00;0.00;0.00;0.00;0.00;0.00;0.00;0.00;1.00;2.00;0.00;1.00;0.00;1.00;1.00;1.00;0.00;0.00;2.00;0.00;0.00;0.00;0.00;1.00;0.00;3.00;0.00;0.00;0.00;0.00;0.00;0.00;1.00;0.00;0.00;0.00;0.00;0.00;2.00;0.00;0.00;0.00;0.00;0.00;0.00;1.00;0.00;0.00;0.00;0.00;1.00;0.00;0.00;0.00;0.00;0.00;0.00;0.00;0.00;0.00;1.00;0.00;1.00;0.00;0.00;0.00;2.00;0.00;1.00;1.00;0.00;0.00
0.00;0.00;2.00;0.00;0.00;0.00;2.00;1.00;1.00;1.00;28.00;0.00;1.00;2.00;0.00;3.00;2.00;0.00;0.00;0.00;1.00;0.00;0.00;1.00;6.00;0.00;0.00;0.00;2.00;0.00;0.00;0.00;0.00;0.00;0.00;3.00;0.00;1.00;0.00;0.00;5.00;0.00;0.00;1.00;0.00;0.00;1.00;0.00;5.00;0.00;0.00;1.00;0.00;4.00;3.00;0.00;0.00;0.00;0.00;0.00;0.00;2.00;1.00;0.00;0.00;1.00;1.00;0.00;1.00;0.00;0.00;1.00;1.00;1.00;0.00;0.00;0.00;0.00;0.00;0.00;0.00;1.00;0.00;2.00;1.00;1.00;0.00;0.00;1.00;0.00;1.00;2.00;2.00;0.00;0.00;1.00;0.00;2.00
0.00;4.00;0.00;4.00;0.00;0.00;0.00;0.00;1.00;3.00;1.00;15.00;13.00;0.00;1.00;2.00;1.00;0.00;0.00;0.00;1.00;0.00;0.00;0.00;2.00;1.00;0.00;0.00;0.00;0.00;3.00;0.00;0.00;0.00;0.00;1.00;0.00;0.00;0.00;2.00;2.00;0.00;1.00;1.00;0.00;0.00;0.00;0.00;1.00;2.00;4.00;0.00;0.00;0.00;0.00;0.00;0.00;0.00;1.00;1.00;0.00;1.00;0.00;0.00;1.00;6.00;1.00;0.00;0.00;1.00;0.00;4.00;0.00;0.00;1.00;0.00;3.00;0.00;0.00;1.00;0.00;3.00;0.00;0.00;1.00;0.00;1.00;1.00;0.00;2.00;2.00;0.00;1.00;0.00;1.00;0.00;1.00;0.00
0.00;4.05;1.35;4.05;0.00;0.00;0.00;0.00;1.35;6.76;2.70;16.22;22.97;5.41;0.00;0.00;0.00;0.00;0.00;0.00;1.35;0.00;0.00;0.00;0.00;0.00;0.00;0.00;1.35;0.00;0.00;0.00;0.00;0.00;0.00;0.00;0.00;1.35;0.00;0.00;2.70;0.00;0.00;1.35;1.35;0.00;0.00;1.35;6.76;1.35;1.35;0.00;0.00;1.35;0.00;0.00;0.00;0.00;0.00;0.00;0.00;4.05;0.00;0.00;2.70;1.35;0.00;0.00;0.00;0.00;0.00;2.70;0.00;0.00;0.00;0.00;0.00;0.00;0.00;0.00;0.00;0.00;0.00;0.00;0.00;0.00;0.00;0.00;0.00;2.70;0.00;0.00;0.00;0.00;0.00;0.00;0.00;0.00
0.00;1.00;1.00;2.00;1.00;1.00;0.00;0.00;3.00;3.00;3.00;0.00;5.00;18.00;0.00;2.00;1.00;0.00;0.00;1.00;0.00;0.00;0.00;0.00;0.00;1.00;0.00;0.00;0.00;0.00;1.00;0.00;0.00;1.00;4.00;2.00;0.00;2.00;0.00;0.00;0.00;1.00;1.00;0.00;2.00;1.00;1.00;1.00;0.00;0.00;2.00;3.00;0.00;0.00;0.00;0.00;0.00;0.00;1.00;2.00;0.00;0.00;0.00;1.00;1.00;0.00;2.00;7.00;0.00;0.00;0.00;1.00;2.00;0.00;0.00;0.00;9.00;1.00;0.00;0.00;0.00;0.00;0.00;3.00;0.00;0.00;2.00;0.00;1.00;0.00;2.00;0.00;0.00;0.00;0.00;0.00;0.00;0.00
0.00;1.00;1.00;2.00;3.00;1.00;0.00;0.00;3.00;2.00;3.00;2.00;2.00;3.00;5.00;5.00;6.00;0.00;0.00;0.00;0.00;1.00;0.00;0.00;3.00;0.00;0.00;0.00;0.00;0.00;1.00;1.00;0.00;0.00;1.00;1.00;1.00;0.00;0.00;2.00;0.00;3.00;0.00;0.00;2.00;1.00;0.00;1.00;1.00;0.00;2.00;1.00;0.00;3.00;1.00;1.00;0.00;0.00;0.00;3.00;0.00;0.00;2.00;2.00;0.00;0.00;1.00;0.00;2.00;0.00;0.00;1.00;2.00;1.00;5.00;0.00;0.00;1.00;0.00;0.00;0.00;3.00;0.00;1.00;0.00;0.00;0.00;0.00;0.00;0.00;1.00;1.00;0.00;0.00;0.00;3.00;2.00;3.00
1.00;1.00;1.00;2.00;1.00;3.00;1.00;0.00;0.00;0.00;13.00;5.00;3.00;1.00;2.00;10.00;3.00;0.00;0.00;0.00;1.00;0.00;0.00;0.00;1.00;0.00;0.00;0.00;0.00;0.00;2.00;0.00;0.00;0.00;1.00;2.00;2.00;1.00;0.00;0.00;2.00;0.00;0.00;0.00;0.00;2.00;1.00;3.00;3.00;2.00;0.00;0.00;1.00;3.00;0.00;0.00;0.00;0.00;0.00;1.00;1.00;0.00;0.00;0.00;1.00;3.00;0.00;0.00;0.00;1.00;0.00;1.00;1.00;0.00;1.00;0.00;1.00;0.00;1.00;0.00;0.00;0.00;1.00;0.00;1.00;1.00;0.00;1.00;0.00;1.00;1.00;1.00;1.00;1.00;1.00;0.00;3.00;1.00
0.00;0.00;0.00;0.00;3.00;0.00;0.00;2.00;0.00;0.00;4.00;0.00;0.00;0.00;1.00;1.00;16.00;0.00;1.00;1.00;0.00;0.00;1.00;0.00;1.00;1.00;0.00;0.00;1.00;0.00;1.00;0.00;0.00;0.00;1.00;2.00;4.00;1.00;1.00;0.00;0.00;0.00;2.00;0.00;2.00;3.00;3.00;4.00;1.00;0.00;1.00;2.00;1.00;1.00;1.00;0.00;0.00;0.00;1.00;5.00;1.00;0.00;0.00;1.00;0.00;2.00;1.00;0.00;1.00;0.00;1.00;0.00;0.00;0.00;0.00;0.00;4.00;2.00;0.00;0.00;0.00;0.00;0.00;3.00;4.00;4.00;1.00;0.00;0.00;0.00;0.00;1.00;0.00;0.00;0.00;0.00;2.00;2.00
0.00;3.19;2.13;1.06;1.06;1.06;0.00;0.00;0.00;0.00;1.06;0.00;0.00;0.00;1.06;0.00;1.06;14.89;3.19;1.06;6.38;6.38;0.00;0.00;7.45;2.13;0.00;0.00;1.06;0.00;1.06;0.00;0.00;0.00;0.00;2.13;0.00;1.06;0.00;1.06;0.00;0.00;1.06;0.00;0.00;0.00;0.00;0.00;0.00;0.00;0.00;0.00;1.06;7.45;1.06;0.00;0.00;0.00;0.00;0.00;0.00;0.00;0.00;0.00;1.06;1.06;3.19;0.00;0.00;0.00;0.00;0.00;0.00;0.00;2.13;0.00;0.00;0.00;0.00;0.00;0.00;3.19;0.00;6.38;3.19;1.06;0.00;1.06;1.06;1.06;3.19;1.06;0.00;0.00;0.00;1.06;0.00;0.00
0.00;1.00;0.00;0.00;0.00;0.00;0.00;0.00;0.00;0.00;0.00;0.00;0.00;0.00;0.00;1.00;0.00;1.00;53.00;6.00;0.00;1.00;12.00;0.00;0.00;0.00;0.00;0.00;0.00;4.00;0.00;3.00;0.00;0.00;0.00;0.00;0.00;0.00;0.00;0.00;0.00;0.00;0.00;0.00;0.00;0.00;0.00;0.00;0.00;0.00;0.00;0.00;3.00;0.00;0.00;1.00;1.00;6.00;0.00;1.00;0.00;0.00;0.00;0.00;0.00;0.00;0.00;0.00;0.00;0.00;0.00;0.00;1.00;0.00;0.00;0.00;0.00;5.00;0.00;0.00;0.00;0.00;0.00;0.00;0.00;0.00;0.00;0.00;0.00;0.00;0.00;0.00;0.00;0.00;0.00;0.00;0.00;0.00
0.00;1.00;0.00;0.00;0.00;1.00;0.00;0.00;0.00;0.00;0.00;0.00;0.00;0.00;0.00;0.00;0.00;0.00;8.00;41.00;0.00;1.00;27.00;1.00;0.00;0.00;0.00;0.00;0.00;2.00;0.00;3.00;0.00;4.00;0.00;0.00;0.00;0.00;0.00;0.00;0.00;1.00;0.00;0.00;0.00;0.00;0.00;0.00;0.00;0.00;0.00;0.00;6.00;0.00;0.00;0.00;0.00;1.00;0.00;0.00;0.00;0.00;0.00;0.00;0.00;0.00;0.00;0.00;0.00;0.00;0.00;0.00;0.00;0.00;0.00;0.00;0.00;0.00;1.00;1.00;0.00;0.00;0.00;1.00;0.00;0.00;0.00;0.00;0.00;0.00;0.00;0.00;0.00;0.00;0.00;0.00;0.00;0.00
0.00;1.00;2.00;0.00;0.00;0.00;0.00;0.00;1.00;0.00;0.00;2.00;1.00;0.00;0.00;0.00;1.00;3.00;3.00;0.00;30.00;1.00;0.00;0.00;4.00;0.00;0.00;0.00;0.00;0.00;2.00;0.00;0.00;0.00;3.00;2.00;3.00;2.00;1.00;0.00;1.00;2.00;0.00;0.00;0.00;0.00;1.00;1.00;0.00;1.00;1.00;1.00;4.00;1.00;0.00;0.00;1.00;1.00;0.00;0.00;0.00;1.00;0.00;1.00;1.00;0.00;2.00;1.00;3.00;0.00;0.00;3.00;1.00;0.00;2.00;0.00;0.00;0.00;0.00;0.00;0.00;2.00;0.00;0.00;0.00;1.00;0.00;0.00;0.00;3.00;1.00;0.00;0.00;0.00;0.00;1.00;0.00;0.00
0.00;1.00;4.00;6.00;2.00;2.00;0.00;0.00;0.00;0.00;2.00;0.00;0.00;1.00;0.00;0.00;0.00;9.00;1.00;2.00;1.00;31.00;0.00;0.00;2.00;0.00;0.00;0.00;0.00;0.00;1.00;2.00;0.00;0.00;2.00;2.00;0.00;1.00;0.00;0.00;0.00;0.00;0.00;0.00;0.00;0.00;0.00;0.00;0.00;1.00;0.00;0.00;3.00;5.00;2.00;1.00;3.00;2.00;0.00;4.00;0.00;0.00;0.00;0.00;0.00;0.00;1.00;0.00;0.00;0.00;0.00;0.00;0.00;0.00;0.00;0.00;0.00;0.00;0.00;0.00;0.00;3.00;0.00;0.00;0.00;0.00;0.00;0.00;0.00;1.00;1.00;0.00;0.00;0.00;0.00;0.00;0.00;1.00
1.00;0.00;0.00;0.00;0.00;0.00;0.00;0.00;0.00;0.00;0.00;0.00;0.00;0.00;0.00;0.00;0.00;1.00;11.00;26.00;1.00;1.00;37.00;0.00;0.00;0.00;0.00;0.00;0.00;2.00;0.00;5.00;1.00;3.00;0.00;0.00;0.00;0.00;0.00;0.00;0.00;1.00;0.00;0.00;0.00;0.00;0.00;0.00;0.00;0.00;0.00;0.00;4.00;0.00;0.00;0.00;0.00;2.00;2.00;0.00;1.00;0.00;0.00;0.00;0.00;0.00;0.00;0.00;0.00;0.00;0.00;0.00;0.00;0.00;0.00;0.00;0.00;1.00;0.00;0.00;0.00;0.00;0.00;0.00;0.00;0.00;0.00;0.00;0.00;0.00;0.00;0.00;0.00;0.00;0.00;0.00;0.00;0.00
13.00;0.00;0.00;0.00;2.00;0.00;0.00;0.00;0.00;0.00;1.00;0.00;0.00;0.00;0.00;0.00;0.00;1.00;0.00;0.00;0.00;1.00;0.00;25.00;0.00;1.00;12.00;9.00;5.00;6.00;1.00;0.00;5.00;3.00;0.00;0.00;0.00;1.00;0.00;0.00;0.00;1.00;0.00;1.00;0.00;0.00;0.00;0.00;0.00;0.00;0.00;0.00;0.00;1.00;1.00;0.00;0.00;0.00;1.00;0.00;0.00;0.00;0.00;0.00;0.00;0.00;1.00;0.00;0.00;0.00;0.00;0.00;1.00;0.00;0.00;0.00;0.00;1.00;0.00;0.00;0.00;1.00;0.00;1.00;0.00;0.00;1.00;1.00;0.00;0.00;0.00;0.00;0.00;0.00;0.00;0.00;0.00;2.00
0.00;1.00;1.00;0.00;1.00;1.00;0.00;1.00;0.00;1.00;2.00;1.00;1.00;0.00;0.00;2.00;1.00;4.00;1.00;0.00;6.00;1.00;0.00;0.00;22.00;0.00;0.00;0.00;0.00;0.00;4.00;0.00;0.00;0.00;1.00;0.00;1.00;3.00;0.00;0.00;1.00;0.00;0.00;1.00;0.00;0.00;2.00;3.00;0.00;0.00;0.00;0.00;2.00;5.00;5.00;0.00;2.00;2.00;0.00;1.00;0.00;1.00;1.00;1.00;1.00;1.00;0.00;0.00;0.00;0.00;0.00;0.00;0.00;1.00;1.00;0.00;0.00;0.00;0.00;0.00;0.00;0.00;0.00;0.00;2.00;0.00;1.00;0.00;2.00;1.00;1.00;1.00;0.00;0.00;0.00;3.00;2.00;0.00
7.00;1.00;5.00;2.00;1.00;1.00;0.00;0.00;0.00;3.00;1.00;1.00;0.00;0.00;0.00;0.00;0.00;4.00;0.00;0.00;0.00;0.00;1.00;6.00;2.00;6.00;5.00;11.00;6.00;2.00;0.00;0.00;1.00;0.00;1.00;3.00;0.00;0.00;1.00;1.00;0.00;0.00;2.00;0.00;0.00;0.00;0.00;0.00;1.00;0.00;0.00;2.00;1.00;2.00;0.00;0.00;0.00;1.00;0.00;0.00;0.00;0.00;0.00;1.00;0.00;0.00;1.00;0.00;1.00;0.00;0.00;1.00;1.00;0.00;2.00;0.00;0.00;2.00;0.00;0.00;0.00;1.00;0.00;2.00;0.00;0.00;1.00;1.00;1.00;0.00;0.00;1.00;1.00;0.00;0.00;1.00;1.00;0.00
18.00;1.00;0.00;1.00;3.00;0.00;0.00;0.00;0.00;0.00;0.00;0.00;0.00;0.00;0.00;0.00;0.00;0.00;0.00;1.00;0.00;0.00;0.00;14.00;0.00;3.00;12.00;8.00;5.00;6.00;0.00;0.00;1.00;2.00;1.00;2.00;0.00;0.00;0.00;0.00;0.00;0.00;5.00;0.00;0.00;0.00;0.00;0.00;1.00;0.00;0.00;0.00;0.00;0.00;2.00;0.00;1.00;0.00;0.00;0.00;0.00;0.00;0.00;0.00;0.00;1.00;2.00;0.00;0.00;0.00;0.00;0.00;0.00;0.00;0.00;0.00;0.00;2.00;0.00;0.00;0.00;0.00;0.00;1.00;1.00;1.00;2.00;1.00;0.00;0.00;0.00;0.00;0.00;0.00;0.00;1.00;1.00;0.00
13.00;0.00;1.00;1.00;1.00;0.00;0.00;0.00;0.00;0.00;0.00;0.00;0.00;0.00;0.00;0.00;0.00;1.00;0.00;0.00;0.00;0.00;0.00;11.00;0.00;2.00;11.00;9.00;4.00;8.00;1.00;1.00;11.00;4.00;1.00;1.00;0.00;0.00;0.00;0.00;0.00;1.00;4.00;0.00;0.00;0.00;0.00;0.00;0.00;0.00;0.00;0.00;0.00;0.00;0.00;0.00;0.00;1.00;0.00;0.00;0.00;0.00;2.00;1.00;1.00;0.00;0.00;0.00;0.00;0.00;0.00;0.00;0.00;0.00;1.00;0.00;0.00;4.00;0.00;0.00;0.00;0.00;0.00;0.00;0.00;2.00;0.00;0.00;0.00;0.00;0.00;0.00;1.00;0.00;0.00;0.00;0.00;1.00
7.69;0.00;2.56;1.28;0.00;0.00;0.00;0.00;1.28;1.28;1.28;0.00;2.56;0.00;0.00;0.00;0.00;3.85;0.00;0.00;0.00;0.00;0.00;10.26;0.00;3.85;10.26;7.69;7.69;5.13;2.56;2.56;1.28;0.00;1.28;2.56;0.00;2.56;1.28;0.00;0.00;0.00;0.00;0.00;1.28;0.00;0.00;0.00;0.00;0.00;0.00;0.00;0.00;2.56;0.00;0.00;0.00;0.00;0.00;0.00;0.00;0.00;0.00;1.28;0.00;0.00;0.00;0.00;1.28;0.00;0.00;0.00;0.00;1.28;2.56;0.00;0.00;0.00;0.00;0.00;0.00;0.00;0.00;2.56;0.00;0.00;1.28;2.56;0.00;0.00;0.00;0.00;0.00;0.00;0.00;0.00;0.00;2.56
0.00;0.00;0.00;1.25;1.25;0.00;0.00;0.00;0.00;0.00;0.00;0.00;0.00;0.00;0.00;0.00;0.00;0.00;0.00;2.50;0.00;0.00;1.25;1.25;0.00;0.00;1.25;0.00;0.00;53.75;0.00;7.50;11.25;7.50;0.00;0.00;0.00;0.00;0.00;0.00;0.00;3.75;2.50;0.00;0.00;0.00;0.00;0.00;0.00;0.00;0.00;0.00;0.00;0.00;0.00;0.00;0.00;0.00;0.00;0.00;0.00;0.00;0.00;0.00;0.00;0.00;0.00;0.00;0.00;0.00;0.00;0.00;0.00;0.00;0.00;0.00;0.00;2.50;0.00;0.00;0.00;0.00;0.00;0.00;0.00;0.00;0.00;0.00;0.00;1.25;0.00;0.00;1.25;0.00;0.00;0.00;0.00;0.00
0.00;1.00;1.00;2.00;0.00;0.00;0.00;1.00;1.00;1.00;0.00;1.00;1.00;0.00;1.00;0.00;2.00;2.00;4.00;1.00;1.00;3.00;0.00;0.00;0.00;0.00;0.00;0.00;0.00;2.00;17.00;0.00;0.00;0.00;7.00;0.00;0.00;0.00;0.00;0.00;0.00;5.00;1.00;0.00;0.00;2.00;0.00;0.00;1.00;3.00;0.00;0.00;1.00;11.00;5.00;2.00;0.00;1.00;0.00;1.00;0.00;0.00;0.00;0.00;1.00;1.00;0.00;1.00;0.00;0.00;2.00;0.00;0.00;0.00;0.00;0.00;1.00;0.00;0.00;0.00;0.00;2.00;1.00;3.00;0.00;0.00;0.00;0.00;0.00;3.00;1.00;0.00;0.00;0.00;0.00;2.00;0.00;0.00
0.00;0.00;0.00;0.00;0.00;2.00;0.00;0.00;0.00;0.00;0.00;0.00;0.00;0.00;0.00;0.00;0.00;0.00;6.00;4.00;0.00;1.00;5.00;0.00;0.00;1.00;0.00;1.00;0.00;13.00;0.00;23.00;3.00;5.00;1.00;0.00;0.00;0.00;0.00;0.00;0.00;9.00;3.00;0.00;1.00;2.00;0.00;0.00;0.00;0.00;0.00;0.00;7.00;0.00;0.00;0.00;1.00;9.00;0.00;0.00;0.00;0.00;0.00;0.00;0.00;0.00;0.00;0.00;0.00;0.00;0.00;0.00;0.00;0.00;0.00;0.00;0.00;2.00;0.00;0.00;0.00;0.00;0.00;1.00;0.00;0.00;0.00;0.00;0.00;0.00;0.00;0.00;0.00;0.00;0.00;0.00;0.00;0.00
4.00;0.00;0.00;0.00;1.00;1.00;0.00;0.00;0.00;0.00;0.00;0.00;0.00;1.00;0.00;0.00;0.00;0.00;0.00;0.00;0.00;0.00;0.00;5.00;0.00;1.00;1.00;3.00;1.00;14.00;0.00;2.00;50.00;4.00;1.00;0.00;0.00;0.00;0.00;0.00;0.00;5.00;0.00;0.00;1.00;0.00;0.00;0.00;0.00;0.00;0.00;0.00;0.00;0.00;0.00;0.00;0.00;1.00;0.00;0.00;0.00;0.00;0.00;0.00;0.00;0.00;0.00;0.00;0.00;0.00;0.00;0.00;0.00;0.00;0.00;1.00;0.00;2.00;0.00;0.00;0.00;0.00;0.00;0.00;0.00;0.00;0.00;0.00;0.00;0.00;0.00;0.00;0.00;0.00;0.00;0.00;0.00;1.00
3.00;0.00;0.00;0.00;0.00;1.00;0.00;0.00;0.00;0.00;0.00;0.00;0.00;0.00;0.00;0.00;0.00;0.00;2.00;4.00;0.00;0.00;1.00;2.00;0.00;0.00;1.00;4.00;0.00;5.00;0.00;2.00;2.00;66.00;0.00;0.00;0.00;0.00;0.00;0.00;0.00;1.00;0.00;0.00;0.00;0.00;0.00;0.00;0.00;0.00;0.00;0.00;0.00;0.00;1.00;0.00;0.00;1.00;0.00;0.00;1.00;0.00;0.00;0.00;0.00;0.00;0.00;0.00;0.00;0.00;0.00;0.00;0.00;0.00;0.00;0.00;0.00;3.00;0.00;0.00;0.00;0.00;0.00;0.00;0.00;0.00;0.00;0.00;0.00;0.00;0.00;0.00;0.00;0.00;0.00;0.00;0.00;0.00
0.00;2.00;1.00;6.00;0.00;0.00;0.00;0.00;0.00;0.00;2.00;0.00;0.00;1.00;0.00;1.00;2.00;5.00;4.00;0.00;5.00;1.00;0.00;0.00;8.00;0.00;0.00;0.00;0.00;0.00;6.00;0.00;0.00;0.00;17.00;0.00;0.00;0.00;0.00;1.00;0.00;4.00;4.00;0.00;0.00;0.00;1.00;0.00;1.00;1.00;3.00;0.00;0.00;4.00;2.00;0.00;1.00;1.00;2.00;3.00;0.00;0.00;0.00;2.00;0.00;0.00;1.00;1.00;0.00;0.00;0.00;0.00;0.00;1.00;0.00;0.00;1.00;0.00;0.00;0.00;0.00;1.00;0.00;1.00;0.00;0.00;0.00;0.00;0.00;0.00;1.00;0.00;0.00;0.00;0.00;1.00;1.00;0.00
0.00;1.00;0.00;1.00;0.00;0.00;0.00;1.00;3.00;7.00;7.00;0.00;1.00;0.00;0.00;0.00;0.00;2.00;0.00;0.00;2.00;2.00;0.00;0.00;0.00;1.00;0.00;0.00;1.00;0.00;3.00;0.00;0.00;0.00;0.00;29.00;0.00;5.00;1.00;5.00;4.00;0.00;0.00;1.00;0.00;1.00;1.00;1.00;5.00;0.00;0.00;3.00;0.00;2.00;0.00;0.00;0.00;0.00;0.00;0.00;0.00;1.00;0.00;1.00;0.00;1.00;3.00;0.00;0.00;0.00;0.00;0.00;0.00;0.00;0.00;0.00;0.00;0.00;0.00;0.00;0.00;0.00;0.00;0.00;1.00;0.00;0.00;0.00;0.00;0.00;0.00;0.00;3.00;0.00;0.00;0.00;0.00;0.00
2.00;0.00;1.00;0.00;1.00;2.00;1.00;1.00;0.00;0.00;2.00;1.00;0.00;0.00;2.00;1.00;1.00;0.00;0.00;0.00;0.00;1.00;0.00;1.00;1.00;0.00;0.00;0.00;0.00;0.00;2.00;0.00;0.00;1.00;1.00;0.00;28.00;1.00;1.00;0.00;5.00;0.00;0.00;2.00;1.00;3.00;1.00;2.00;0.00;0.00;1.00;0.00;1.00;0.00;2.00;0.00;0.00;0.00;0.00;0.00;0.00;1.00;6.00;0.00;0.00;0.00;0.00;0.00;0.00;0.00;0.00;0.00;0.00;0.00;2.00;6.00;0.00;0.00;0.00;0.00;0.00;0.00;0.00;0.00;3.00;1.00;1.00;0.00;0.00;2.00;1.00;0.00;0.00;0.00;0.00;1.00;1.00;5.00
0.00;0.00;2.67;0.00;0.00;1.33;0.00;0.00;0.00;6.67;1.33;0.00;1.33;1.33;1.33;2.67;0.00;1.33;0.00;0.00;2.67;0.00;0.00;0.00;1.33;1.33;0.00;0.00;0.00;0.00;1.33;0.00;0.00;0.00;0.00;10.67;0.00;17.33;0.00;4.00;2.67;0.00;0.00;2.67;0.00;0.00;1.33;0.00;4.00;1.33;4.00;1.33;0.00;1.33;0.00;0.00;0.00;0.00;1.33;0.00;1.33;0.00;0.00;0.00;5.33;0.00;1.33;0.00;0.00;0.00;0.00;1.33;0.00;1.33;0.00;0.00;0.00;0.00;0.00;0.00;0.00;0.00;0.00;1.33;0.00;0.00;0.00;2.67;0.00;0.00;1.33;1.33;2.67;1.33;0.00;0.00;0.00;0.00
0.00;0.00;0.00;1.01;0.00;2.02;2.02;2.02;1.01;2.02;0.00;0.00;1.01;0.00;0.00;1.01;0.00;2.02;0.00;0.00;3.03;0.00;0.00;1.01;0.00;1.01;0.00;1.01;0.00;0.00;0.00;0.00;0.00;0.00;0.00;3.03;5.05;2.02;7.07;3.03;4.04;2.02;0.00;0.00;1.01;2.02;2.02;0.00;0.00;2.02;0.00;0.00;0.00;7.07;2.02;1.01;0.00;0.00;0.00;0.00;2.02;2.02;1.01;0.00;1.01;1.01;1.01;1.01;4.04;0.00;0.00;0.00;2.02;7.07;1.01;2.02;0.00;0.00;1.01;0.00;1.01;0.00;1.01;0.00;1.01;0.00;1.01;0.00;0.00;2.02;0.00;1.01;0.00;0.00;0.00;0.00;0.00;3.03
0.00;0.00;0.00;0.00;0.00;1.00;0.00;2.00;1.00;0.00;3.00;0.00;2.00;1.00;0.00;2.00;0.00;1.00;0.00;0.00;0.00;1.00;0.00;0.00;0.00;1.00;0.00;0.00;0.00;0.00;2.00;0.00;0.00;0.00;1.00;7.00;0.00;7.00;1.00;23.00;2.00;0.00;0.00;1.00;0.00;0.00;2.00;2.00;5.00;2.00;0.00;3.00;0.00;1.00;1.00;0.00;0.00;0.00;0.00;0.00;1.00;2.00;0.00;1.00;2.00;0.00;0.00;0.00;0.00;0.00;0.00;1.00;1.00;2.00;0.00;2.00;0.00;0.00;0.00;0.00;0.00;0.00;0.00;0.00;2.00;0.00;1.00;3.00;0.00;1.00;2.00;1.00;0.00;0.00;0.00;1.00;2.00;0.00
1.00;0.00;0.00;0.00;0.00;0.00;4.00;2.00;0.00;5.00;1.00;1.00;1.00;0.00;0.00;0.00;1.00;0.00;0.00;0.00;0.00;0.00;0.00;0.00;1.00;1.00;0.00;0.00;0.00;0.00;1.00;0.00;0.00;0.00;0.00;8.00;1.00;3.00;1.00;4.00;28.00;0.00;0.00;4.00;2.00;0.00;1.00;4.00;0.00;1.00;1.00;1.00;0.00;1.00;1.00;0.00;0.00;0.00;0.00;0.00;1.00;1.00;1.00;0.00;0.00;0.00;1.00;0.00;0.00;0.00;0.00;0.00;0.00;2.00;0.00;0.00;1.00;0.00;0.00;0.00;0.00;0.00;0.00;0.00;1.00;0.00;1.00;2.00;0.00;1.00;2.00;3.00;1.00;0.00;0.00;0.00;2.00;0.00
1.10;0.00;0.00;0.00;0.00;0.00;0.00;0.00;0.00;0.00;0.00;1.10;0.00;0.00;0.00;0.00;0.00;0.00;1.10;2.20;0.00;0.00;0.00;0.00;0.00;0.00;0.00;2.20;0.00;5.49;0.00;5.49;3.30;1.10;0.00;0.00;0.00;0.00;0.00;0.00;0.00;63.74;3.30;0.00;0.00;0.00;0.00;0.00;0.00;0.00;0.00;0.00;0.00;0.00;0.00;0.00;0.00;0.00;0.00;0.00;0.00;0.00;0.00;0.00;0.00;0.00;0.00;2.20;0.00;0.00;0.00;0.00;1.10;0.00;4.40;0.00;0.00;2.20;0.00;0.00;0.00;0.00;0.00;0.00;0.00;0.00;0.00;0.00;0.00;0.00;0.00;0.00;0.00;0.00;0.00;0.00;0.00;0.00
1.00;1.00;0.00;1.00;3.00;0.00;0.00;1.00;0.00;0.00;1.00;1.00;0.00;0.00;0.00;0.00;0.00;1.00;2.00;1.00;0.00;0.00;0.00;0.00;1.00;1.00;1.00;2.00;0.00;7.00;6.00;2.00;3.00;0.00;3.00;0.00;2.00;0.00;0.00;0.00;0.00;5.00;32.00;0.00;0.00;0.00;0.00;4.00;0.00;0.00;0.00;0.00;2.00;0.00;0.00;0.00;1.00;0.00;0.00;1.00;0.00;0.00;2.00;0.00;0.00;0.00;0.00;0.00;1.00;0.00;0.00;0.00;1.00;0.00;3.00;0.00;0.00;2.00;0.00;0.00;0.00;0.00;0.00;2.00;0.00;1.00;0.00;0.00;1.00;0.00;0.00;0.00;0.00;0.00;0.00;0.00;0.00;1.00
0.00;0.00;0.00;0.00;0.00;0.00;3.00;2.00;0.00;4.00;0.00;0.00;1.00;0.00;0.00;0.00;1.00;0.00;0.00;0.00;0.00;0.00;1.00;0.00;1.00;0.00;0.00;0.00;2.00;0.00;2.00;0.00;0.00;0.00;0.00;0.00;3.00;2.00;0.00;2.00;9.00;0.00;0.00;23.00;2.00;0.00;0.00;5.00;0.00;0.00;0.00;0.00;0.00;1.00;2.00;0.00;0.00;0.00;0.00;0.00;0.00;1.00;0.00;0.00;2.00;3.00;3.00;2.00;0.00;0.00;0.00;1.00;0.00;1.00;1.00;1.00;3.00;0.00;1.00;0.00;0.00;1.00;0.00;3.00;0.00;1.00;1.00;0.00;0.00;1.00;1.00;4.00;0.00;0.00;0.00;2.00;0.00;1.00
0.00;0.00;0.00;0.00;1.00;1.00;6.00;7.00;2.00;5.00;1.00;2.00;0.00;0.00;0.00;1.00;0.00;0.00;0.00;0.00;0.00;0.00;0.00;2.00;1.00;0.00;0.00;0.00;0.00;0.00;0.00;0.00;0.00;0.00;0.00;1.00;0.00;0.00;0.00;0.00;0.00;1.00;0.00;0.00;39.00;8.00;1.00;7.00;0.00;1.00;0.00;1.00;0.00;0.00;0.00;0.00;0.00;0.00;0.00;1.00;1.00;1.00;0.00;0.00;1.00;1.00;0.00;0.00;0.00;0.00;0.00;0.00;1.00;1.00;0.00;3.00;0.00;0.00;0.00;0.00;0.00;0.00;0.00;0.00;0.00;1.00;1.00;0.00;0.00;0.00;0.00;0.00;0.00;0.00;0.00;0.00;0.00;0.00
0.00;1.00;1.00;0.00;0.00;3.00;0.00;2.00;0.00;0.00;0.00;0.00;0.00;0.00;0.00;0.00;3.00;0.00;0.00;0.00;1.00;0.00;0.00;0.00;0.00;1.00;0.00;0.00;0.00;0.00;0.00;0.00;2.00;0.00;0.00;0.00;1.00;0.00;0.00;2.00;1.00;0.00;0.00;1.00;14.00;26.00;0.00;9.00;0.00;0.00;0.00;0.00;2.00;0.00;2.00;0.00;1.00;0.00;0.00;2.00;1.00;1.00;3.00;0.00;0.00;1.00;0.00;0.00;1.00;1.00;1.00;0.00;0.00;0.00;0.00;6.00;1.00;4.00;0.00;0.00;0.00;0.00;0.00;0.00;0.00;0.00;0.00;0.00;1.00;0.00;0.00;1.00;0.00;0.00;1.00;0.00;0.00;2.00
1.00;1.00;0.00;0.00;0.00;0.00;0.00;0.00;0.00;2.00;3.00;0.00;0.00;0.00;0.00;0.00;1.00;1.00;0.00;0.00;1.00;0.00;0.00;0.00;0.00;0.00;0.00;0.00;3.00;0.00;0.00;0.00;0.00;0.00;2.00;1.00;1.00;0.00;0.00;2.00;0.00;1.00;0.00;5.00;5.00;4.00;24.00;8.00;1.00;0.00;0.00;0.00;0.00;2.00;1.00;0.00;0.00;0.00;1.00;0.00;0.00;1.00;1.00;0.00;0.00;2.00;0.00;0.00;1.00;0.00;0.00;0.00;0.00;0.00;1.00;0.00;2.00;0.00;0.00;0.00;0.00;0.00;0.00;2.00;6.00;1.00;2.00;2.00;0.00;0.00;2.00;0.00;1.00;0.00;1.00;2.00;0.00;2.00
0.00;0.00;1.00;0.00;0.00;0.00;3.00;5.00;0.00;0.00;0.00;0.00;0.00;0.00;0.00;1.00;2.00;1.00;0.00;0.00;0.00;0.00;0.00;0.00;0.00;0.00;0.00;0.00;0.00;0.00;0.00;0.00;0.00;0.00;0.00;0.00;0.00;1.00;0.00;0.00;2.00;1.00;0.00;3.00;7.00;0.00;8.00;30.00;1.00;0.00;0.00;1.00;0.00;2.00;0.00;0.00;0.00;0.00;0.00;0.00;0.00;0.00;1.00;1.00;1.00;1.00;0.00;2.00;0.00;0.00;0.00;0.00;0.00;1.00;3.00;0.00;1.00;0.00;0.00;1.00;0.00;0.00;0.00;4.00;1.00;0.00;4.00;0.00;0.00;3.00;1.00;4.00;0.00;0.00;0.00;0.00;0.00;2.00
1.00;2.00;0.00;2.00;0.00;1.00;1.00;0.00;2.00;4.00;0.00;0.00;0.00;2.00;0.00;0.00;1.00;0.00;0.00;0.00;1.00;1.00;1.00;0.00;1.00;1.00;0.00;0.00;0.00;0.00;3.00;0.00;0.00;0.00;0.00;7.00;0.00;1.00;0.00;5.00;1.00;0.00;0.00;0.00;2.00;0.00;2.00;0.00;18.00;5.00;5.00;3.00;0.00;0.00;0.00;0.00;0.00;1.00;0.00;1.00;0.00;1.00;0.00;0.00;1.00;1.00;1.00;2.00;0.00;0.00;0.00;1.00;1.00;0.00;0.00;0.00;3.00;0.00;0.00;0.00;0.00;3.00;0.00;3.00;0.00;1.00;0.00;0.00;1.00;1.00;1.00;1.00;2.00;0.00;1.00;0.00;0.00;0.00
0.00;1.00;0.00;0.00;0.00;0.00;0.00;2.00;2.00;3.00;1.00;0.00;0.00;0.00;0.00;0.00;0.00;0.00;0.00;0.00;1.00;1.00;0.00;0.00;0.00;0.00;0.00;0.00;0.00;0.00;2.00;0.00;0.00;0.00;1.00;2.00;1.00;3.00;0.00;0.00;0.00;0.00;0.00;0.00;0.00;0.00;1.00;1.00;2.00;25.00;2.00;0.00;0.00;0.00;0.00;0.00;0.00;0.00;0.00;0.00;0.00;5.00;0.00;1.00;12.00;0.00;0.00;1.00;0.00;0.00;0.00;2.00;0.00;0.00;8.00;0.00;1.00;0.00;2.00;0.00;1.00;0.00;0.00;2.00;1.00;0.00;0.00;2.00;0.00;1.00;5.00;2.00;2.00;0.00;0.00;1.00;0.00;0.00
0.00;7.00;0.00;3.00;0.00;0.00;0.00;0.00;4.00;4.00;2.00;1.00;1.00;3.00;0.00;0.00;2.00;0.00;0.00;1.00;2.00;1.00;0.00;0.00;0.00;0.00;0.00;0.00;0.00;0.00;2.00;0.00;0.00;0.00;0.00;2.00;0.00;2.00;1.00;1.00;0.00;0.00;0.00;1.00;1.00;0.00;0.00;1.00;2.00;2.00;12.00;12.00;0.00;0.00;0.00;0.00;0.00;1.00;0.00;0.00;2.00;0.00;0.00;0.00;4.00;0.00;0.00;2.00;0.00;0.00;1.00;6.00;1.00;0.00;0.00;0.00;2.00;0.00;2.00;0.00;0.00;4.00;0.00;0.00;0.00;0.00;0.00;1.00;0.00;0.00;1.00;2.00;1.00;0.00;0.00;0.00;0.00;0.00
0.00;6.00;2.00;2.00;0.00;0.00;1.00;0.00;4.00;5.00;5.00;1.00;0.00;4.00;0.00;0.00;0.00;0.00;0.00;1.00;2.00;0.00;0.00;0.00;0.00;0.00;0.00;0.00;0.00;0.00;2.00;1.00;0.00;0.00;1.00;10.00;0.00;2.00;2.00;3.00;1.00;0.00;0.00;0.00;0.00;0.00;0.00;1.00;5.00;3.00;4.00;3.00;0.00;0.00;1.00;0.00;0.00;0.00;0.00;1.00;1.00;3.00;0.00;0.00;8.00;0.00;2.00;1.00;1.00;0.00;1.00;3.00;0.00;0.00;0.00;0.00;1.00;0.00;0.00;0.00;0.00;0.00;0.00;1.00;0.00;0.00;1.00;0.00;0.00;0.00;2.00;0.00;1.00;0.00;0.00;1.00;0.00;0.00
1.00;0.00;0.00;0.00;0.00;0.00;0.00;0.00;0.00;0.00;0.00;0.00;0.00;0.00;1.00;0.00;0.00;0.00;6.00;0.00;0.00;0.00;3.00;1.00;0.00;0.00;0.00;0.00;0.00;0.00;0.00;2.00;1.00;1.00;0.00;0.00;0.00;0.00;0.00;0.00;0.00;0.00;0.00;0.00;0.00;1.00;0.00;0.00;0.00;0.00;0.00;0.00;74.00;0.00;4.00;0.00;0.00;2.00;0.00;0.00;0.00;0.00;1.00;0.00;0.00;0.00;0.00;0.00;0.00;0.00;0.00;0.00;0.00;0.00;0.00;0.00;0.00;2.00;0.00;0.00;0.00;0.00;0.00;0.00;0.00;0.00;0.00;0.00;0.00;0.00;0.00;0.00;0.00;0.00;0.00;0.00;0.00;0.00
0.00;0.00;1.00;3.00;0.00;1.00;0.00;0.00;0.00;0.00;5.00;0.00;0.00;0.00;1.00;1.00;0.00;2.00;0.00;0.00;0.00;2.00;0.00;0.00;3.00;1.00;0.00;0.00;2.00;0.00;1.00;0.00;0.00;0.00;0.00;0.00;0.00;0.00;0.00;1.00;0.00;1.00;0.00;0.00;0.00;0.00;0.00;0.00;1.00;0.00;0.00;1.00;0.00;49.00;9.00;0.00;2.00;3.00;0.00;0.00;1.00;0.00;1.00;1.00;0.00;0.00;0.00;2.00;1.00;0.00;0.00;0.00;0.00;0.00;0.00;0.00;0.00;0.00;0.00;0.00;0.00;0.00;0.00;0.00;0.00;1.00;0.00;0.00;1.00;0.00;1.00;0.00;0.00;0.00;0.00;1.00;0.00;0.00
0.00;0.00;0.00;0.00;0.00;1.33;0.00;0.00;0.00;0.00;0.00;0.00;0.00;0.00;0.00;0.00;0.00;1.33;0.00;0.00;0.00;0.00;0.00;0.00;2.67;0.00;0.00;0.00;0.00;0.00;0.00;1.33;0.00;0.00;1.33;1.33;0.00;0.00;0.00;2.67;0.00;0.00;2.67;0.00;0.00;1.33;0.00;0.00;0.00;0.00;0.00;0.00;0.00;20.00;44.00;0.00;1.33;2.67;0.00;2.67;1.33;0.00;2.67;0.00;0.00;0.00;1.33;0.00;0.00;0.00;0.00;0.00;1.33;0.00;0.00;0.00;0.00;0.00;0.00;0.00;0.00;0.00;0.00;0.00;2.67;0.00;1.33;0.00;0.00;2.67;0.00;0.00;0.00;0.00;0.00;0.00;0.00;0.00
0.00;3.00;0.00;0.00;0.00;0.00;0.00;0.00;0.00;0.00;0.00;0.00;0.00;1.00;0.00;0.00;0.00;0.00;1.00;0.00;0.00;0.00;0.00;0.00;0.00;0.00;0.00;0.00;0.00;0.00;1.00;0.00;0.00;0.00;1.00;0.00;0.00;0.00;0.00;0.00;0.00;0.00;0.00;0.00;0.00;0.00;0.00;0.00;0.00;0.00;0.00;0.00;1.00;0.00;0.00;51.00;0.00;5.00;33.00;1.00;0.00;0.00;0.00;0.00;0.00;0.00;0.00;0.00;0.00;0.00;0.00;1.00;0.00;0.00;0.00;0.00;0.00;0.00;0.00;0.00;0.00;0.00;0.00;0.00;0.00;0.00;1.00;0.00;0.00;0.00;0.00;0.00;0.00;0.00;0.00;0.00;0.00;0.00
0.00;0.00;2.27;0.00;0.00;0.00;0.00;0.00;0.00;0.00;0.00;0.00;0.00;0.00;0.00;0.00;0.00;0.00;0.00;0.00;0.00;0.00;0.00;0.00;0.00;0.00;0.00;0.00;0.00;0.00;0.00;0.00;0.00;0.00;0.00;0.00;0.00;0.00;0.00;0.00;0.00;0.00;0.00;0.00;0.00;0.00;0.00;0.00;0.00;0.00;0.00;0.00;2.27;0.00;2.27;0.00;88.64;0.00;0.00;2.27;0.00;0.00;0.00;0.00;0.00;0.00;0.00;0.00;0.00;0.00;0.00;0.00;0.00;0.00;0.00;0.00;0.00;0.00;0.00;0.00;2.27;0.00;0.00;0.00;0.00;0.00;0.00;0.00;0.00;0.00;0.00;0.00;0.00;0.00;0.00;0.00;0.00;0.00
0.00;0.00;0.00;0.00;0.00;0.00;0.00;0.00;0.00;0.00;0.00;0.00;0.00;0.00;0.00;0.00;0.00;0.00;6.94;0.00;1.39;0.00;0.00;0.00;0.00;0.00;0.00;0.00;0.00;0.00;0.00;2.78;0.00;0.00;1.39;0.00;0.00;0.00;0.00;0.00;0.00;2.78;0.00;0.00;0.00;0.00;0.00;0.00;0.00;0.00;0.00;0.00;0.00;0.00;0.00;1.39;0.00;83.33;0.00;0.00;0.00;0.00;0.00;0.00;0.00;0.00;0.00;0.00;0.00;0.00;0.00;0.00;0.00;0.00;0.00;0.00;0.00;0.00;0.00;0.00;0.00;0.00;0.00;0.00;0.00;0.00;0.00;0.00;0.00;0.00;0.00;0.00;0.00;0.00;0.00;0.00;0.00;0.00
0.00;2.00;0.00;0.00;0.00;0.00;0.00;0.00;0.00;0.00;0.00;0.00;0.00;0.00;0.00;0.00;0.00;0.00;0.00;0.00;0.00;0.00;0.00;0.00;0.00;0.00;0.00;0.00;0.00;0.00;0.00;0.00;0.00;0.00;0.00;0.00;0.00;1.00;0.00;0.00;0.00;1.00;0.00;0.00;0.00;0.00;0.00;0.00;0.00;0.00;0.00;0.00;0.00;0.00;1.00;32.00;0.00;2.00;50.00;6.00;0.00;0.00;0.00;0.00;2.00;0.00;0.00;0.00;0.00;0.00;0.00;0.00;1.00;0.00;0.00;0.00;1.00;0.00;0.00;0.00;0.00;1.00;0.00;0.00;0.00;0.00;0.00;0.00;0.00;0.00;0.00;0.00;0.00;0.00;0.00;0.00;0.00;0.00
0.00;1.00;0.00;0.00;1.00;1.00;0.00;1.00;0.00;0.00;1.00;1.00;1.00;1.00;2.00;0.00;1.00;0.00;0.00;0.00;0.00;0.00;0.00;0.00;0.00;0.00;0.00;0.00;0.00;0.00;1.00;0.00;0.00;0.00;1.00;0.00;0.00;0.00;1.00;0.00;0.00;1.00;0.00;0.00;2.00;1.00;0.00;0.00;0.00;0.00;0.00;0.00;0.00;2.00;0.00;5.00;1.00;2.00;9.00;58.00;0.00;0.00;0.00;0.00;0.00;0.00;0.00;0.00;0.00;2.00;0.00;0.00;0.00;0.00;0.00;0.00;0.00;1.00;0.00;0.00;1.00;0.00;0.00;0.00;0.00;0.00;0.00;0.00;0.00;1.00;0.00;0.00;0.00;0.00;0.00;0.00;0.00;0.00
0.00;1.00;0.00;1.00;0.00;0.00;0.00;1.00;2.00;0.00;2.00;0.00;1.00;1.00;0.00;1.00;0.00;0.00;0.00;0.00;1.00;2.00;1.00;0.00;0.00;0.00;0.00;0.00;0.00;0.00;0.00;0.00;0.00;0.00;0.00;1.00;0.00;0.00;0.00;1.00;2.00;0.00;0.00;0.00;0.00;0.00;0.00;1.00;1.00;1.00;1.00;0.00;0.00;0.00;3.00;0.00;0.00;0.00;0.00;1.00;61.00;0.00;0.00;0.00;0.00;0.00;0.00;0.00;0.00;5.00;4.00;0.00;0.00;0.00;0.00;0.00;0.00;0.00;0.00;1.00;0.00;0.00;0.00;0.00;0.00;0.00;0.00;0.00;0.00;0.00;1.00;0.00;0.00;1.00;1.00;0.00;0.00;0.00
0.00;1.00;1.00;0.00;0.00;0.00;0.00;3.00;3.00;5.00;0.00;5.00;1.00;0.00;1.00;0.00;1.00;0.00;0.00;0.00;0.00;2.00;0.00;0.00;0.00;0.00;0.00;0.00;0.00;0.00;1.00;0.00;0.00;0.00;1.00;0.00;0.00;0.00;0.00;2.00;2.00;0.00;0.00;1.00;2.00;0.00;3.00;4.00;1.00;6.00;0.00;1.00;0.00;2.00;0.00;0.00;0.00;0.00;1.00;0.00;1.00;24.00;0.00;1.00;5.00;1.00;0.00;1.00;0.00;0.00;0.00;3.00;0.00;2.00;4.00;0.00;1.00;0.00;0.00;0.00;0.00;1.00;0.00;0.00;2.00;0.00;1.00;0.00;0.00;1.00;0.00;1.00;0.00;0.00;0.00;1.00;0.00;0.00
1.00;0.00;0.00;0.00;2.00;4.00;0.00;2.00;0.00;0.00;0.00;0.00;0.00;0.00;1.00;1.00;0.00;2.00;0.00;0.00;1.00;1.00;0.00;1.00;2.00;1.00;0.00;0.00;0.00;0.00;0.00;1.00;2.00;0.00;0.00;0.00;4.00;0.00;1.00;0.00;0.00;0.00;2.00;0.00;2.00;0.00;3.00;0.00;0.00;0.00;0.00;0.00;1.00;1.00;2.00;0.00;2.00;0.00;0.00;0.00;0.00;1.00;25.00;4.00;0.00;2.00;0.00;0.00;3.00;0.00;0.00;0.00;0.00;0.00;1.00;5.00;0.00;5.00;1.00;0.00;0.00;2.00;1.00;0.00;1.00;1.00;1.00;0.00;0.00;1.00;0.00;1.00;0.00;0.00;0.00;0.00;1.00;4.00
0.00;2.00;0.00;1.00;0.00;1.00;3.00;3.00;1.00;0.00;1.00;0.00;0.00;3.00;0.00;1.00;3.00;1.00;0.00;0.00;1.00;1.00;0.00;0.00;1.00;3.00;0.00;0.00;0.00;0.00;2.00;1.00;0.00;0.00;1.00;1.00;2.00;1.00;1.00;0.00;0.00;1.00;1.00;1.00;0.00;0.00;2.00;4.00;0.00;0.00;1.00;1.00;1.00;2.00;2.00;0.00;0.00;0.00;1.00;0.00;1.00;4.00;2.00;8.00;1.00;1.00;1.00;0.00;1.00;0.00;0.00;3.00;2.00;1.00;1.00;1.00;1.00;0.00;0.00;0.00;0.00;0.00;0.00;2.00;3.00;2.00;0.00;0.00;2.00;3.00;0.00;4.00;0.00;0.00;0.00;0.00;2.00;2.00
0.00;0.00;0.00;0.00;0.00;0.00;0.00;0.00;1.00;4.00;1.00;1.00;0.00;0.00;0.00;0.00;0.00;0.00;0.00;0.00;2.00;0.00;0.00;0.00;0.00;0.00;0.00;0.00;0.00;0.00;1.00;0.00;0.00;0.00;1.00;2.00;0.00;3.00;0.00;3.00;1.00;0.00;0.00;1.00;0.00;0.00;1.00;0.00;0.00;14.00;1.00;4.00;0.00;0.00;0.00;0.00;0.00;0.00;0.00;0.00;0.00;2.00;0.00;1.00;26.00;0.00;0.00;2.00;1.00;0.00;0.00;14.00;0.00;0.00;0.00;0.00;0.00;0.00;0.00;0.00;0.00;0.00;0.00;1.00;2.00;0.00;2.00;1.00;0.00;2.00;4.00;0.00;0.00;0.00;0.00;1.00;0.00;0.00
0.00;0.00;0.00;1.00;2.00;0.00;0.00;2.00;0.00;2.00;2.00;3.00;5.00;0.00;1.00;3.00;1.00;2.00;2.00;1.00;1.00;1.00;0.00;0.00;2.00;0.00;0.00;0.00;1.00;0.00;3.00;0.00;0.00;0.00;1.00;1.00;2.00;0.00;0.00;1.00;3.00;0.00;0.00;1.00;2.00;2.00;2.00;6.00;0.00;0.00;4.00;0.00;0.00;0.00;2.00;0.00;0.00;0.00;0.00;1.00;0.00;2.00;0.00;0.00;4.00;8.00;2.00;0.00;1.00;0.00;0.00;3.00;1.00;0.00;5.00;2.00;0.00;0.00;0.00;0.00;0.00;0.00;0.00;1.00;1.00;1.00;0.00;1.00;1.00;1.00;1.00;0.00;0.00;1.00;0.00;1.00;0.00;0.00
0.00;2.00;0.00;1.00;0.00;1.00;0.00;0.00;1.00;6.00;1.00;2.00;2.00;2.00;1.00;0.00;1.00;0.00;0.00;0.00;2.00;2.00;0.00;0.00;2.00;0.00;0.00;0.00;1.00;0.00;0.00;0.00;0.00;0.00;0.00;3.00;2.00;2.00;0.00;2.00;3.00;0.00;0.00;0.00;0.00;2.00;2.00;0.00;0.00;0.00;0.00;2.00;0.00;2.00;1.00;0.00;0.00;1.00;0.00;2.00;0.00;0.00;0.00;1.00;1.00;1.00;25.00;1.00;0.00;0.00;0.00;1.00;1.00;1.00;0.00;0.00;1.00;0.00;0.00;1.00;0.00;1.00;0.00;0.00;0.00;1.00;1.00;1.00;3.00;0.00;0.00;2.00;1.00;0.00;1.00;0.00;4.00;0.00
0.00;3.00;2.00;1.00;0.00;2.00;0.00;0.00;2.00;1.00;2.00;0.00;2.00;5.00;1.00;0.00;1.00;0.00;0.00;0.00;2.00;0.00;1.00;0.00;0.00;2.00;0.00;0.00;0.00;0.00;0.00;0.00;0.00;0.00;1.00;1.00;0.00;1.00;0.00;1.00;0.00;2.00;1.00;0.00;0.00;1.00;0.00;2.00;0.00;0.00;1.00;1.00;0.00;0.00;0.00;0.00;0.00;0.00;1.00;0.00;0.00;0.00;0.00;0.00;0.00;0.00;2.00;48.00;0.00;0.00;0.00;0.00;1.00;0.00;0.00;0.00;4.00;0.00;0.00;0.00;0.00;2.00;0.00;1.00;0.00;0.00;1.00;0.00;0.00;0.00;1.00;0.00;0.00;0.00;0.00;0.00;0.00;0.00
3.03;1.01;0.00;0.00;3.03;4.04;0.00;0.00;0.00;0.00;2.02;2.02;1.01;0.00;2.02;1.01;1.01;3.03;1.01;1.01;2.02;2.02;1.01;2.02;0.00;1.01;0.00;0.00;0.00;0.00;0.00;0.00;0.00;0.00;0.00;4.04;1.01;2.02;2.02;0.00;0.00;0.00;1.01;2.02;1.01;1.01;1.01;0.00;1.01;3.03;0.00;1.01;5.05;1.01;0.00;0.00;0.00;0.00;0.00;1.01;0.00;0.00;7.07;2.02;0.00;0.00;1.01;0.00;11.11;0.00;0.00;0.00;0.00;1.01;0.00;6.06;1.01;0.00;1.01;0.00;0.00;0.00;0.00;0.00;0.00;1.01;0.00;0.00;1.01;1.01;1.01;1.01;2.02;0.00;0.00;0.00;2.02;0.00
0.00;0.00;0.00;0.00;0.00;0.00;0.00;1.00;0.00;0.00;0.00;0.00;0.00;0.00;0.00;0.00;0.00;0.00;0.00;0.00;0.00;0.00;0.00;0.00;0.00;0.00;0.00;0.00;0.00;0.00;0.00;0.00;0.00;0.00;0.00;0.00;0.00;0.00;0.00;0.00;0.00;0.00;0.00;0.00;0.00;0.00;0.00;0.00;0.00;0.00;0.00;0.00;0.00;0.00;0.00;0.00;0.00;0.00;0.00;1.00;0.00;0.00;0.00;0.00;0.00;0.00;0.00;0.00;0.00;54.00;30.00;0.00;0.00;0.00;0.00;0.00;0.00;0.00;0.00;4.00;2.00;0.00;1.00;0.00;0.00;0.00;0.00;0.00;0.00;0.00;0.00;0.00;0.00;6.00;1.00;0.00;0.00;0.00
0.00;0.00;0.00;0.00;0.00;0.00;0.00;0.00;1.00;0.00;1.00;0.00;0.00;0.00;0.00;0.00;0.00;0.00;0.00;0.00;0.00;0.00;0.00;0.00;0.00;0.00;0.00;0.00;0.00;0.00;0.00;0.00;0.00;0.00;0.00;0.00;0.00;0.00;0.00;0.00;0.00;0.00;0.00;0.00;0.00;0.00;0.00;0.00;0.00;0.00;0.00;0.00;1.00;0.00;0.00;0.00;0.00;0.00;0.00;1.00;0.00;0.00;0.00;0.00;0.00;0.00;0.00;0.00;0.00;45.00;37.00;0.00;0.00;0.00;0.00;0.00;0.00;0.00;0.00;3.00;0.00;1.00;0.00;0.00;0.00;0.00;0.00;0.00;0.00;0.00;0.00;0.00;0.00;5.00;5.00;0.00;0.00;0.00
0.00;3.00;0.00;1.00;0.00;0.00;0.00;0.00;6.00;5.00;2.00;2.00;0.00;3.00;0.00;0.00;0.00;0.00;0.00;0.00;1.00;0.00;0.00;0.00;0.00;0.00;0.00;0.00;0.00;0.00;0.00;0.00;0.00;0.00;0.00;2.00;2.00;4.00;0.00;1.00;0.00;0.00;0.00;1.00;0.00;0.00;0.00;0.00;2.00;5.00;3.00;0.00;0.00;0.00;0.00;1.00;0.00;0.00;0.00;0.00;1.00;2.00;0.00;0.00;17.00;1.00;0.00;0.00;0.00;0.00;0.00;27.00;0.00;0.00;1.00;0.00;1.00;0.00;0.00;0.00;0.00;1.00;0.00;0.00;0.00;0.00;0.00;1.00;0.00;1.00;1.00;0.00;1.00;0.00;0.00;0.00;0.00;1.00
0.00;2.00;2.00;2.00;5.00;2.00;1.00;0.00;0.00;2.00;0.00;1.00;1.00;0.00;1.00;0.00;2.00;0.00;1.00;1.00;0.00;0.00;0.00;0.00;1.00;0.00;0.00;0.00;0.00;0.00;0.00;0.00;0.00;0.00;1.00;0.00;0.00;0.00;2.00;0.00;0.00;3.00;0.00;0.00;1.00;0.00;1.00;1.00;0.00;0.00;0.00;0.00;0.00;0.00;0.00;0.00;0.00;0.00;0.00;0.00;1.00;2.00;1.00;1.00;0.00;0.00;1.00;1.00;0.00;0.00;0.00;0.00;51.00;0.00;1.00;0.00;0.00;0.00;0.00;0.00;0.00;0.00;0.00;3.00;0.00;0.00;1.00;1.00;0.00;0.00;0.00;0.00;0.00;1.00;0.00;2.00;0.00;0.00
0.00;0.00;0.00;0.00;0.00;0.00;11.00;2.00;0.00;1.00;0.00;2.00;1.00;0.00;1.00;0.00;0.00;0.00;0.00;2.00;0.00;0.00;0.00;0.00;0.00;1.00;0.00;0.00;1.00;0.00;0.00;0.00;0.00;0.00;0.00;0.00;0.00;0.00;1.00;0.00;0.00;0.00;0.00;1.00;4.00;6.00;0.00;1.00;0.00;2.00;0.00;0.00;0.00;0.00;0.00;0.00;0.00;0.00;0.00;0.00;0.00;3.00;3.00;4.00;0.00;0.00;0.00;0.00;1.00;0.00;0.00;0.00;2.00;28.00;0.00;7.00;1.00;0.00;0.00;1.00;0.00;0.00;0.00;0.00;2.00;2.00;0.00;0.00;2.00;0.00;0.00;7.00;0.00;0.00;0.00;0.00;0.00;0.00
0.00;2.00;1.00;0.00;0.00;6.00;0.00;0.00;0.00;0.00;0.00;0.00;0.00;0.00;0.00;2.00;0.00;1.00;0.00;0.00;0.00;0.00;0.00;0.00;1.00;0.00;0.00;0.00;0.00;0.00;1.00;0.00;0.00;0.00;0.00;0.00;0.00;0.00;0.00;1.00;0.00;6.00;0.00;0.00;1.00;0.00;0.00;0.00;0.00;2.00;1.00;0.00;0.00;0.00;0.00;0.00;0.00;0.00;0.00;0.00;1.00;1.00;0.00;2.00;2.00;1.00;0.00;0.00;1.00;0.00;0.00;1.00;4.00;0.00;53.00;0.00;2.00;0.00;0.00;0.00;0.00;0.00;0.00;2.00;0.00;1.00;0.00;0.00;0.00;1.00;0.00;0.00;0.00;0.00;0.00;2.00;0.00;1.00
0.00;0.00;0.00;0.00;0.00;2.00;3.00;3.00;0.00;0.00;0.00;0.00;0.00;0.00;0.00;0.00;0.00;0.00;0.00;0.00;0.00;0.00;0.00;0.00;0.00;0.00;0.00;0.00;2.00;0.00;0.00;0.00;0.00;0.00;0.00;0.00;4.00;0.00;2.00;0.00;0.00;0.00;1.00;1.00;4.00;3.00;0.00;0.00;0.00;0.00;0.00;0.00;0.00;0.00;0.00;0.00;1.00;0.00;0.00;1.00;1.00;1.00;2.00;3.00;0.00;0.00;0.00;0.00;2.00;0.00;0.00;0.00;1.00;8.00;1.00;48.00;0.00;0.00;1.00;1.00;0.00;0.00;0.00;0.00;1.00;0.00;0.00;0.00;0.00;0.00;0.00;1.00;0.00;0.00;0.00;0.00;0.00;2.00
0.00;2.00;2.00;0.00;0.00;2.00;0.00;0.00;1.00;2.00;1.00;1.00;2.00;5.00;0.00;0.00;1.00;1.00;0.00;0.00;1.00;1.00;0.00;0.00;1.00;0.00;0.00;0.00;0.00;0.00;2.00;0.00;0.00;0.00;1.00;2.00;0.00;2.00;1.00;1.00;0.00;2.00;2.00;2.00;0.00;2.00;1.00;2.00;0.00;1.00;2.00;1.00;0.00;1.00;2.00;1.00;0.00;1.00;1.00;0.00;0.00;1.00;0.00;1.00;0.00;0.00;1.00;2.00;0.00;0.00;0.00;1.00;1.00;0.00;4.00;2.00;21.00;0.00;0.00;0.00;0.00;1.00;0.00;4.00;1.00;0.00;3.00;1.00;0.00;0.00;0.00;2.00;1.00;0.00;0.00;0.00;0.00;0.00
1.00;0.00;0.00;0.00;0.00;0.00;0.00;0.00;0.00;0.00;0.00;1.00;0.00;0.00;1.00;0.00;1.00;0.00;4.00;2.00;0.00;0.00;1.00;1.00;0.00;1.00;0.00;1.00;0.00;5.00;1.00;1.00;5.00;1.00;0.00;0.00;1.00;0.00;0.00;0.00;0.00;1.00;1.00;0.00;2.00;0.00;0.00;0.00;0.00;0.00;0.00;0.00;8.00;0.00;0.00;0.00;3.00;0.00;0.00;1.00;1.00;0.00;0.00;0.00;0.00;0.00;0.00;0.00;0.00;0.00;0.00;0.00;0.00;0.00;0.00;0.00;0.00;54.00;0.00;0.00;0.00;0.00;0.00;0.00;0.00;1.00;0.00;0.00;0.00;0.00;0.00;0.00;0.00;0.00;0.00;0.00;0.00;0.00
0.00;0.00;0.00;0.00;0.00;0.00;1.00;0.00;0.00;1.00;0.00;0.00;0.00;0.00;0.00;0.00;0.00;0.00;0.00;0.00;0.00;1.00;0.00;0.00;0.00;0.00;0.00;0.00;0.00;0.00;0.00;0.00;0.00;0.00;0.00;0.00;0.00;0.00;0.00;0.00;0.00;0.00;0.00;0.00;0.00;0.00;0.00;0.00;0.00;1.00;0.00;0.00;0.00;0.00;0.00;0.00;0.00;0.00;0.00;0.00;0.00;0.00;0.00;0.00;0.00;0.00;0.00;0.00;0.00;0.00;0.00;0.00;0.00;0.00;0.00;0.00;0.00;0.00;84.00;0.00;0.00;0.00;11.00;0.00;0.00;0.00;0.00;0.00;0.00;0.00;0.00;0.00;0.00;0.00;1.00;0.00;0.00;0.00
0.00;0.00;0.00;0.00;0.00;0.00;0.00;0.00;1.67;0.00;0.00;0.00;0.00;0.00;0.00;0.00;0.00;0.00;0.00;0.00;0.00;0.00;0.00;0.00;0.00;0.00;0.00;0.00;0.00;0.00;0.00;0.00;0.00;0.00;0.00;0.00;0.00;0.00;0.00;0.00;0.00;0.00;0.00;0.00;0.00;0.00;0.00;0.00;0.00;0.00;0.00;0.00;0.00;0.00;0.00;0.00;0.00;0.00;0.00;0.00;0.00;0.00;0.00;0.00;0.00;0.00;0.00;0.00;0.00;3.33;1.67;0.00;0.00;0.00;0.00;0.00;0.00;0.00;0.00;81.67;3.33;0.00;0.00;0.00;0.00;0.00;0.00;0.00;0.00;0.00;0.00;0.00;0.00;6.67;1.67;0.00;0.00;0.00
0.00;0.00;0.00;0.00;0.00;0.00;0.00;0.00;0.00;0.00;0.00;0.00;0.00;0.00;0.00;0.00;0.00;0.00;1.00;0.00;0.00;0.00;0.00;0.00;0.00;0.00;0.00;0.00;0.00;0.00;0.00;0.00;0.00;0.00;0.00;0.00;0.00;0.00;0.00;0.00;0.00;0.00;0.00;0.00;0.00;0.00;0.00;0.00;0.00;0.00;0.00;0.00;0.00;0.00;0.00;0.00;0.00;0.00;0.00;0.00;0.00;0.00;0.00;0.00;0.00;0.00;0.00;0.00;0.00;2.00;3.00;0.00;0.00;0.00;0.00;0.00;0.00;0.00;0.00;5.00;87.00;0.00;0.00;0.00;0.00;0.00;0.00;0.00;0.00;0.00;0.00;0.00;0.00;1.00;1.00;0.00;0.00;0.00
0.00;3.00;2.00;1.00;0.00;0.00;0.00;0.00;3.00;0.00;1.00;2.00;2.00;1.00;0.00;2.00;1.00;2.00;1.00;0.00;4.00;4.00;2.00;0.00;0.00;0.00;0.00;0.00;0.00;0.00;2.00;0.00;0.00;0.00;0.00;0.00;0.00;0.00;0.00;0.00;0.00;0.00;0.00;0.00;0.00;1.00;0.00;0.00;1.00;0.00;0.00;0.00;0.00;1.00;1.00;2.00;1.00;0.00;1.00;2.00;1.00;0.00;0.00;0.00;0.00;0.00;0.00;0.00;0.00;3.00;2.00;2.00;0.00;1.00;0.00;0.00;0.00;0.00;1.00;0.00;0.00;46.00;0.00;0.00;0.00;0.00;0.00;0.00;0.00;0.00;0.00;0.00;0.00;0.00;0.00;1.00;0.00;0.00
0.00;0.00;0.00;0.00;0.00;0.00;0.00;0.00;0.00;0.00;0.00;0.00;0.00;0.00;0.00;0.00;0.00;0.00;0.00;0.00;0.00;0.00;0.00;0.00;0.00;0.00;0.00;0.00;0.00;0.00;0.00;0.00;0.00;0.00;0.00;0.00;0.00;0.00;0.00;0.00;0.00;0.00;0.00;0.00;0.00;0.00;0.00;0.00;0.00;0.00;0.00;0.00;0.00;0.00;0.00;0.00;0.00;0.00;0.00;0.00;0.00;0.00;0.00;0.00;0.00;0.00;0.00;0.00;0.00;0.00;0.00;0.00;0.00;0.00;0.00;0.00;0.00;0.00;5.00;0.00;0.00;0.00;94.00;0.00;0.00;0.00;0.00;0.00;0.00;0.00;0.00;0.00;0.00;1.00;0.00;0.00;0.00;0.00
0.00;0.00;0.00;0.00;3.00;7.00;0.00;0.00;0.00;1.00;3.00;0.00;0.00;2.00;0.00;0.00;1.00;1.00;0.00;0.00;0.00;0.00;0.00;0.00;2.00;0.00;0.00;0.00;0.00;1.00;1.00;0.00;0.00;0.00;0.00;1.00;0.00;0.00;0.00;4.00;1.00;1.00;1.00;0.00;0.00;0.00;4.00;4.00;2.00;1.00;1.00;1.00;0.00;1.00;2.00;0.00;0.00;0.00;0.00;0.00;0.00;1.00;1.00;2.00;0.00;0.00;0.00;0.00;1.00;0.00;0.00;1.00;0.00;0.00;8.00;0.00;0.00;0.00;0.00;0.00;0.00;1.00;0.00;18.00;5.00;2.00;4.00;0.00;2.00;1.00;1.00;2.00;2.00;0.00;0.00;0.00;2.00;0.00
0.00;0.00;0.00;0.00;4.00;2.00;1.00;1.00;0.00;0.00;1.00;1.00;0.00;0.00;0.00;0.00;3.00;3.00;0.00;1.00;2.00;0.00;0.00;0.00;3.00;0.00;1.00;0.00;0.00;2.00;0.00;0.00;0.00;0.00;0.00;0.00;3.00;0.00;0.00;2.00;0.00;0.00;0.00;1.00;0.00;1.00;2.00;4.00;0.00;1.00;0.00;0.00;0.00;6.00;0.00;0.00;0.00;0.00;0.00;0.00;0.00;4.00;1.00;3.00;4.00;2.00;1.00;0.00;0.00;0.00;0.00;1.00;0.00;0.00;2.00;1.00;0.00;0.00;0.00;0.00;0.00;0.00;0.00;6.00;12.00;2.00;2.00;0.00;0.00;7.00;1.00;2.00;0.00;0.00;0.00;1.00;0.00;3.00
2.00;0.00;0.00;1.00;4.00;5.00;5.00;1.00;0.00;0.00;0.00;0.00;0.00;0.00;0.00;0.00;1.00;1.00;0.00;0.00;0.00;0.00;0.00;0.00;1.00;1.00;0.00;0.00;2.00;0.00;0.00;0.00;0.00;0.00;1.00;0.00;5.00;0.00;1.00;0.00;0.00;0.00;1.00;2.00;0.00;0.00;2.00;4.00;0.00;0.00;0.00;0.00;0.00;1.00;1.00;0.00;0.00;0.00;0.00;0.00;0.00;2.00;3.00;2.00;0.00;0.00;0.00;1.00;2.00;0.00;0.00;0.00;1.00;4.00;3.00;4.00;0.00;0.00;0.00;0.00;0.00;0.00;1.00;5.00;5.00;18.00;1.00;0.00;1.00;1.00;0.00;0.00;0.00;0.00;0.00;0.00;0.00;4.00
0.00;0.00;1.00;0.00;0.00;0.00;1.00;1.00;1.00;1.00;1.00;0.00;0.00;2.00;1.00;1.00;1.00;0.00;0.00;0.00;2.00;0.00;0.00;0.00;3.00;1.00;0.00;1.00;1.00;1.00;0.00;0.00;0.00;0.00;1.00;1.00;0.00;0.00;0.00;1.00;1.00;0.00;1.00;1.00;0.00;0.00;3.00;3.00;0.00;1.00;2.00;0.00;0.00;1.00;0.00;0.00;0.00;0.00;1.00;0.00;0.00;4.00;0.00;3.00;4.00;0.00;2.00;0.00;1.00;0.00;0.00;2.00;2.00;0.00;5.00;0.00;2.00;0.00;0.00;0.00;0.00;0.00;0.00;6.00;4.00;0.00;12.00;1.00;0.00;3.00;0.00;3.00;1.00;0.00;0.00;4.00;3.00;1.00
0.00;1.64;0.00;0.00;0.00;1.64;0.00;0.00;1.64;3.28;1.64;3.28;3.28;3.28;0.00;1.64;0.00;1.64;1.64;0.00;4.92;0.00;0.00;0.00;0.00;0.00;0.00;0.00;0.00;0.00;4.92;0.00;0.00;0.00;0.00;1.64;0.00;0.00;0.00;3.28;0.00;0.00;1.64;0.00;0.00;0.00;1.64;0.00;0.00;3.28;1.64;0.00;0.00;3.28;0.00;0.00;0.00;0.00;0.00;0.00;0.00;0.00;0.00;0.00;4.92;0.00;6.56;0.00;1.64;0.00;0.00;8.20;1.64;0.00;0.00;0.00;0.00;0.00;0.00;0.00;0.00;1.64;0.00;1.64;1.64;0.00;1.64;4.92;1.64;4.92;4.92;1.64;0.00;0.00;0.00;0.00;1.64;0.00
0.00;1.00;0.00;2.00;0.00;2.00;3.00;2.00;0.00;0.00;3.00;4.00;1.00;0.00;0.00;3.00;1.00;2.00;0.00;0.00;0.00;0.00;1.00;0.00;3.00;0.00;0.00;0.00;1.00;0.00;1.00;0.00;0.00;0.00;2.00;0.00;1.00;0.00;0.00;2.00;0.00;0.00;2.00;1.00;2.00;1.00;1.00;5.00;1.00;0.00;0.00;1.00;0.00;2.00;3.00;0.00;0.00;1.00;0.00;0.00;0.00;0.00;3.00;2.00;1.00;1.00;5.00;0.00;1.00;0.00;1.00;0.00;0.00;3.00;0.00;1.00;2.00;0.00;0.00;0.00;0.00;2.00;0.00;3.00;3.00;5.00;1.00;1.00;2.00;0.00;2.00;2.00;0.00;0.00;0.00;1.00;1.00;2.00
0.00;0.00;1.30;0.00;0.00;0.00;0.00;0.00;0.00;0.00;1.30;2.60;1.30;1.30;0.00;0.00;0.00;2.60;0.00;0.00;1.30;0.00;0.00;0.00;6.49;0.00;1.30;0.00;1.30;0.00;0.00;0.00;0.00;0.00;3.90;0.00;0.00;0.00;0.00;0.00;0.00;1.30;0.00;1.30;0.00;0.00;3.90;1.30;0.00;5.19;1.30;0.00;0.00;0.00;0.00;0.00;0.00;0.00;0.00;0.00;0.00;1.30;0.00;0.00;3.90;0.00;2.60;1.30;0.00;0.00;0.00;2.60;0.00;0.00;9.09;0.00;1.30;0.00;0.00;0.00;0.00;0.00;0.00;9.09;6.49;0.00;3.90;2.60;0.00;11.69;1.30;0.00;0.00;0.00;0.00;3.90;0.00;0.00
0.00;1.00;1.00;0.00;0.00;1.00;0.00;0.00;5.00;0.00;2.00;1.00;0.00;0.00;1.00;0.00;0.00;3.00;0.00;0.00;2.00;2.00;1.00;0.00;2.00;0.00;0.00;0.00;0.00;0.00;1.00;0.00;0.00;0.00;0.00;2.00;0.00;4.00;0.00;1.00;3.00;0.00;0.00;0.00;1.00;0.00;2.00;1.00;1.00;5.00;1.00;2.00;0.00;1.00;0.00;0.00;0.00;0.00;0.00;0.00;2.00;4.00;0.00;1.00;5.00;3.00;0.00;1.00;0.00;0.00;0.00;6.00;0.00;0.00;1.00;0.00;2.00;0.00;0.00;0.00;0.00;0.00;0.00;6.00;2.00;0.00;3.00;2.00;0.00;1.00;11.00;0.00;1.00;0.00;0.00;0.00;2.00;0.00
1.00;0.00;0.00;0.00;1.00;1.00;13.00;4.00;0.00;1.00;2.00;4.00;1.00;1.00;0.00;1.00;1.00;0.00;0.00;1.00;0.00;0.00;0.00;0.00;0.00;1.00;0.00;0.00;0.00;0.00;0.00;0.00;0.00;0.00;0.00;3.00;1.00;0.00;1.00;1.00;1.00;0.00;0.00;1.00;1.00;0.00;0.00;1.00;0.00;2.00;0.00;0.00;0.00;1.00;0.00;0.00;0.00;0.00;0.00;0.00;0.00;0.00;0.00;1.00;0.00;1.00;1.00;0.00;0.00;0.00;0.00;0.00;3.00;3.00;0.00;3.00;1.00;0.00;0.00;0.00;0.00;0.00;0.00;2.00;0.00;3.00;1.00;0.00;1.00;0.00;1.00;24.00;6.00;0.00;0.00;0.00;0.00;3.00
0.00;1.00;4.00;1.00;1.00;0.00;0.00;0.00;1.00;5.00;7.00;5.00;0.00;5.00;0.00;0.00;0.00;1.00;0.00;0.00;0.00;0.00;0.00;0.00;1.00;0.00;0.00;0.00;1.00;0.00;0.00;0.00;0.00;0.00;0.00;6.00;0.00;5.00;0.00;6.00;3.00;0.00;0.00;4.00;1.00;0.00;1.00;0.00;1.00;0.00;1.00;1.00;0.00;0.00;1.00;0.00;0.00;0.00;0.00;0.00;1.00;4.00;0.00;0.00;2.00;0.00;1.00;1.00;0.00;0.00;0.00;1.00;1.00;3.00;1.00;0.00;1.00;0.00;0.00;0.00;0.00;0.00;0.00;1.00;0.00;0.00;1.00;2.00;0.00;0.00;1.00;6.00;7.00;0.00;0.00;1.00;2.00;0.00
0.00;0.00;0.00;0.00;0.00;0.00;0.00;0.00;1.11;0.00;0.00;0.00;0.00;0.00;0.00;0.00;0.00;0.00;0.00;0.00;0.00;0.00;0.00;0.00;0.00;0.00;0.00;0.00;0.00;0.00;0.00;0.00;0.00;0.00;0.00;0.00;0.00;0.00;0.00;0.00;0.00;0.00;0.00;0.00;0.00;0.00;0.00;0.00;0.00;0.00;0.00;0.00;0.00;0.00;0.00;0.00;0.00;0.00;0.00;0.00;0.00;0.00;0.00;0.00;0.00;0.00;0.00;1.11;0.00;1.11;4.44;0.00;0.00;1.11;0.00;0.00;0.00;0.00;0.00;6.67;1.11;1.11;0.00;0.00;0.00;0.00;0.00;0.00;0.00;0.00;0.00;0.00;0.00;58.89;23.33;0.00;0.00;0.00
0.00;0.00;0.00;0.00;0.00;0.00;0.00;0.00;0.00;0.00;0.00;0.00;0.00;0.00;0.00;0.00;0.00;0.00;0.00;0.00;0.00;0.00;0.00;0.00;0.00;0.00;0.00;0.00;0.00;0.00;0.00;0.00;0.00;0.00;0.00;0.00;0.00;0.00;0.00;0.00;0.00;0.00;0.00;0.00;0.00;0.00;0.00;0.00;0.00;0.00;0.00;0.00;0.00;0.00;0.00;0.00;0.00;0.00;0.00;0.00;0.00;0.00;0.00;0.00;0.00;0.00;0.00;0.00;0.00;0.00;1.00;0.00;0.00;0.00;0.00;0.00;0.00;0.00;0.00;9.00;7.00;0.00;1.00;0.00;0.00;0.00;0.00;0.00;0.00;0.00;0.00;0.00;0.00;23.00;59.00;0.00;0.00;0.00
0.00;0.00;1.00;1.00;0.00;1.00;1.00;0.00;0.00;0.00;1.00;4.00;1.00;0.00;0.00;0.00;3.00;0.00;0.00;0.00;2.00;0.00;0.00;0.00;8.00;0.00;1.00;0.00;0.00;1.00;2.00;0.00;0.00;0.00;2.00;0.00;2.00;1.00;0.00;2.00;4.00;0.00;0.00;3.00;0.00;3.00;5.00;0.00;0.00;1.00;1.00;2.00;1.00;1.00;1.00;0.00;0.00;0.00;0.00;0.00;0.00;1.00;2.00;0.00;3.00;1.00;1.00;0.00;1.00;0.00;1.00;1.00;0.00;0.00;4.00;1.00;0.00;0.00;0.00;0.00;0.00;1.00;0.00;1.00;2.00;3.00;4.00;0.00;0.00;5.00;2.00;1.00;1.00;0.00;0.00;5.00;3.00;0.00
0.00;0.00;1.00;1.00;2.00;0.00;1.00;1.00;1.00;1.00;0.00;0.00;1.00;1.00;0.00;5.00;3.00;1.00;0.00;0.00;1.00;1.00;0.00;0.00;7.00;0.00;0.00;0.00;1.00;0.00;1.00;0.00;0.00;0.00;1.00;3.00;1.00;1.00;2.00;3.00;4.00;0.00;0.00;2.00;2.00;0.00;5.00;4.00;0.00;0.00;1.00;0.00;0.00;0.00;0.00;0.00;0.00;0.00;0.00;0.00;0.00;2.00;0.00;1.00;0.00;0.00;0.00;0.00;1.00;0.00;0.00;0.00;0.00;0.00;1.00;0.00;0.00;0.00;0.00;0.00;1.00;0.00;0.00;2.00;2.00;0.00;1.00;1.00;4.00;0.00;1.00;4.00;2.00;0.00;0.00;4.00;9.00;5.00
2.00;1.00;1.00;1.00;7.00;5.00;0.00;0.00;0.00;0.00;0.00;0.00;1.00;0.00;0.00;0.00;3.00;0.00;0.00;0.00;0.00;0.00;0.00;1.00;1.00;1.00;1.00;1.00;3.00;1.00;0.00;0.00;0.00;0.00;0.00;0.00;1.00;1.00;0.00;1.00;0.00;0.00;1.00;0.00;2.00;2.00;2.00;1.00;0.00;0.00;0.00;0.00;0.00;0.00;0.00;0.00;0.00;0.00;0.00;0.00;0.00;0.00;3.00;1.00;0.00;0.00;0.00;0.00;1.00;0.00;0.00;1.00;1.00;3.00;2.00;3.00;0.00;0.00;0.00;0.00;0.00;0.00;0.00;2.00;0.00;7.00;2.00;1.00;1.00;1.00;0.00;0.00;0.00;0.00;0.00;0.00;1.00;29.00
