Art Pepper vs. all, (N = 26 vs. 1390)
Rank, Feature, Mean (class), Mean (others), Significance (t-test), Cohen's D
0, art_std, 0.22076923076923077, 0.1860071942446043, ***, 0.8632469145887819
1, ioiclass_abs_hist_04_long, 0.07192307692307692, 0.037762589928057554, ***, 1.025129682379725
3, pitch_median, 68.23076923076923, 65.34640287769784, **, 0.5776821638189308
11, mean_number_of_unique_pc, 5.232307692307692, 6.8070287769784175, ***, -0.758334129185633
Ben Webster vs. all, (N = 12 vs. 1404)
Rank, Feature, Mean (class), Mean (others), Significance (t-test), Cohen's D
0, int_bigram_entropy, 6.081666666666667, 5.32508547008547, *, 0.6589180844919394
1, metric_complexity_division, 0.314827630746, 0.23455066548740064, ***, 1.043304939570746
2, fuzzyint_bigram_entropy, 5.0183333333333335, 4.191623931623932, *, 0.7051831158069916
3, ioiclass_bigram_entropy, 3.2333333333333343, 2.526866096866097, **, 0.8569497974809698
5, durclass_abs_hist_02_short, 0.5725000000000001, 0.307948717948718, ***, 1.297743354588975
8, pitch_median, 60.666666666666664, 65.43981481481481, ***, -0.9567657096853251
9, int_entropy, 3.6483333333333334, 3.2843803418803423, *, 0.6186332460754987
12, event_density, 2.9883333333333333, 4.807628205128205, ***, -1.0694289435873796
13, ratio_ascending_descending, 1.1716666666666666, 0.9237108262108261, **, 0.830404121927352
14, parsons_hist_ascending, 0.5075, 0.43140313390313395, *, 0.6221595725073285
15, durclass_abs_hist_01_very_short, 0.30916666666666665, 0.6065811965811967, ***, -1.1941194455308135
Benny Carter vs. all, (N = 14 vs. 1402)
Rank, Feature, Mean (class), Mean (others), Significance (t-test), Cohen's D
0, art_median, 0.7621428571428572, 0.8460841654778888, ***, -1.197603651881929
3, fuzzyint_hist_08_jump_down, 0.1435714285714286, 0.049750356633380885, ***, 1.72013641866394
4, nPVI_ioi, 0.5371428571428571, 0.4519044222539229, *, 0.5551519761819232
6, ioiclass_abs_hist_02_short, 0.6435714285714285, 0.39236804564907285, ***, 1.2134870997911116
7, nPVI_dur, 0.5371428571428571, 0.4519044222539229, *, 0.5551519761819232
9, abs_int_mean, 3.3771428571428572, 2.679543509272468, ***, 1.1344783996887122
10, avgtempo, 141.99285714285716, 195.59429386590585, **, -0.7698252231069959
16, durclass_rel_hist_01_very_short, 0.4364285714285714, 0.2706633380884451, *, 0.6544748369831125
17, parsons_entropy, 0.6014285714285714, 0.7187874465049928, *, -0.6100468075129186
Benny Goodman vs. all, (N = 8 vs. 1408)
Rank, Feature, Mean (class), Mean (others), Significance (t-test), Cohen's D
0, pitch_median, 72.3125, 65.36008522727273, ***, 1.3958455326615549
1, mean_length_arpeggio_ascending, 3.7137499999999997, 2.598061079545454, *, 0.7667259675771787
2, mean_length_chromatic_descending, 4.5625, 2.896775568181818, **, 0.9885887430940096
3, mean_length_chromatic_sequences, 4.171250000000001, 3.1770880681818183, *, 0.7413662442954593
4, mean_length_arpeggio_descending, 3.55875, 2.5417116477272725, *, 0.7294253513722535
5, mean_length_chromatic_mixed, 4.6575, 3.5427414772727275, *, 0.893998728751184
8, avgtempo, 264.9, 194.66754261363639, **, 1.0086371113109591
11, durclass_rel_hist_04_long, 0.15625, 0.028480113636363637, ***, 1.5559127398092525
12, int_min, -14.25, -10.024147727272727, *, -0.7849826151968128
13, syncopicity, 0.19107436355149998, 0.31386908415180875, *, -0.8647760729187332
Bix Beiderbecke vs. all, (N = 6 vs. 1410)
Rank, Feature, Mean (class), Mean (others), Significance (t-test), Cohen's D
9, durclass_abs_hist_02_short, 0.5499999999999999, 0.3091702127659574, **, 1.1765212753997525
18, ioiclass_abs_hist_01_very_short, 0.17166666666666666, 0.4421347517730496, **, -1.0955991922146293
Bob Berg vs. all, (N = 22 vs. 1394)
Rank, Feature, Mean (class), Mean (others), Significance (t-test), Cohen's D
1, cdpcx_density_b6, 0.06545454545454546, 0.04234576757532281, ***, 0.7350979815415243
3, cdpcx_density_b2, 0.055454545454545465, 0.03915351506456241, *, 0.55163376605402
7, art_median, 0.8895454545454545, 0.8445552367288378, **, 0.6394096853163244
8, pitch_range, 30.318181818181817, 23.106169296987087, ***, 0.8834544024968097
10, int_range, 27.454545454545453, 21.58393113342898, **, 0.631772697936322
11, ratio_chromatic_sequences, 0.1309090909090909, 0.09278335724533716, *, 0.5075577817163427
16, aic_mean_seg_len_01_very_short, 4.387727272727273, 2.867596843615495, **, 0.6454712740595836
18, abs_int_range, 16.545454545454547, 12.66857962697274, **, 0.6617453310906151
Branford Marsalis vs. all, (N = 35 vs. 1381)
Rank, Feature, Mean (class), Mean (others), Significance (t-test), Cohen's D
0, avgtempo, 156.05428571428575, 196.05300506879075, ***, -0.5750831984076116
1, ric_mean_seg_len_03_medium, 1.740857142857143, 1.3884721216509777, ***, 0.7155324016781521
4, art_median, 0.7897142857142857, 0.8466618392469225, ***, -0.8132426127710816
5, aic_mean_seg_len_03_medium, 1.47, 1.1555394641564083, ***, 0.6225717594115869
8, mean_length_seq_descending, 3.791428571428571, 4.395872556118754, ***, -0.671513702893143
9, ric_mean_seg_len_01_very_short, 2.694571428571429, 1.6172773352643013, ***, 0.7639605864314456
10, ric_mean_seg_len_04_long, 1.2305714285714286, 1.0200868935553946, ***, 0.6296753010447665
12, mean_seg_len_01_very_short, 4.073142857142857, 2.2816292541636494, **, 0.5516773940539447
Buck Clayton vs. all, (N = 4 vs. 1412)
Rank, Feature, Mean (class), Mean (others), Significance (t-test), Cohen's D
3, pitch_median, 71.25, 65.38279036827196, *, 1.1738387774021921
4, cdpcx_density_b6, 0.0775, 0.04260623229461756, *, 1.1073273200522036
5, durclass_rel_hist_03_medium, 0.24749999999999997, 0.11354815864022663, *, 0.9988538118650601
7, ioiclass_rel_hist_03_medium, 0.425, 0.1706444759206799, ***, 1.9426718621609464
Cannonball Adderley vs. all, (N = 15 vs. 1401)
Rank, Feature, Mean (class), Mean (others), Significance (t-test), Cohen's D
0, ioiclass_rel_entropy, 0.8079999999999998, 0.6221056388294075, ***, 0.9718344261593671
3, int_bigram_entropy, 6.0086666666666675, 5.3242469664525345, *, 0.5960941220307688
7, fuzzyint_bigram_entropy, 4.818666666666668, 4.191991434689508, *, 0.5342374480863947
9, ioiclass_bigram_entropy, 3.2246666666666663, 2.525446109921485, **, 0.8487415480114353
10, durclass_rel_entropy, 0.754, 0.5798929336188438, ***, 0.9045411463572417
17, mean_length_chromatic_ascending, 3.528, 2.35547466095646, **, 0.693365944105914
Charlie Parker vs. all, (N = 34 vs. 1382)
Rank, Feature, Mean (class), Mean (others), Significance (t-test), Cohen's D
0, art_median, 0.9270588235294118, 0.8432416787264833, ***, 1.2076644657164193
1, art_range, 0.737058823529412, 0.8481403762662807, ***, -0.7838533165373915
3, art_std, 0.14823529411764702, 0.1875904486251809, ***, -0.9817180435165864
8, cdpcx_density_5, 0.1832352941176471, 0.13750361794500723, **, 0.5017687807916243
9, ratio_chromatic_sequences, 0.13058823529411767, 0.09246020260492041, **, 0.5081223321204957
10, ioiclass_rel_hist_01_very_short, 0.2952941176470589, 0.1780246020260492, **, 0.5489683791886886
19, parsons_hist_descending, 0.5438235294117647, 0.47797395079594784, **, 0.5037755194481952
Charlie Shavers vs. all, (N = 1 vs. 1415)
Rank, Feature, Mean (class), Mean (others), Significance (t-test), Cohen's D
Chet Baker vs. all, (N = 15 vs. 1401)
Rank, Feature, Mean (class), Mean (others), Significance (t-test), Cohen's D
0, ric_mean_seg_len_03_medium, 1.8953333333333333, 1.3918486795146323, ***, 1.0216369201439783
1, mean_length_arpeggio, 3.8926666666666665, 3.3916131334760884, *, 0.5218630799823479
2, cdpcx_density_4, 0.12933333333333336, 0.08459671663097788, ***, 0.9474601432334888
3, durclass_abs_hist_02_short, 0.42199999999999993, 0.3089935760171306, *, 0.5513382049417329
4, abs_int_mean, 2.24, 2.691220556745182, **, -0.7312599350686456
5, int_std, 2.709333333333333, 3.390499643112063, **, -0.7617200437860233
6, ratio_ascending_descending, 1.0800000000000003, 0.9241613133476089, *, 0.5211373222730291
9, ioiclass_abs_hist_02_short, 0.5746666666666667, 0.3929264810849393, ***, 0.8751591487543723
13, ioiclass_abs_hist_03_medium, 0.15933333333333335, 0.08721627408993576, **, 0.7808032058853699
14, ioiclass_rel_hist_03_medium, 0.28266666666666673, 0.1701713062098501, ***, 0.8579551470255095
15, durclass_bigram_entropy, 2.502, 1.8904710920770875, **, 0.750859012040586
18, fuzzyint_hist_04_step_up, 0.3113333333333334, 0.24189864382583867, *, 0.6599216570447435
19, ric_mean_seg_len_05_very_long, 1.1333333333333333, 0.7358172733761598, **, 0.8092057281037064
Chris Potter vs. all, (N = 27 vs. 1389)
Rank, Feature, Mean (class), Mean (others), Significance (t-test), Cohen's D
0, avgtempo, 256.3333333333333, 193.8733621310295, ***, 0.9012355018196161
1, pitch_entropy, 4.418148148148149, 3.764298056155508, ***, 0.6891357068875038
2, pitch_range, 30.74074074074074, 23.071994240460764, ***, 0.9415593499180122
4, pitch_std, 6.52888888888889, 5.075428365730741, ***, 0.8942684126163697
5, syncopicity, 0.21411031322437407, 0.31510099851483125, ***, -0.7131027972162625
6, durclass_abs_hist_01_very_short, 0.8655555555555556, 0.5989776817854572, ***, 1.0754082533484448
7, aic_mean_seg_len, 3.5925925925925926, 2.2559755219582436, ***, 1.3418356467102726
9, cdpcx_density_T, 0.07703703703703704, 0.0426133909287257, ***, 0.8214767594512222
11, int_min, -16.37037037037037, -9.925125989920806, ***, -1.2114982398429286
12, mean_length_chromatic_descending, 3.9737037037037033, 2.8854355651547876, ***, 0.6466239807437564
17, aic_mean_seg_len_01_very_short, 5.776296296296296, 2.8351331893448526, ***, 1.263369963031488
18, ioiclass_abs_hist_01_very_short, 0.701851851851852, 0.43591792656587475, ***, 1.086321603010253
19, cdpcx_density_b2, 0.055925925925925934, 0.03908567314614831, **, 0.5702869295554377
Chu Berry vs. all, (N = 2 vs. 1414)
Rank, Feature, Mean (class), Mean (others), Significance (t-test), Cohen's D
0, art_range, 0.41000000000000003, 0.8460891089108911, ***, -3.075682584308507
1, durclass_bigram_entropy, 3.29, 1.894978783592645, *, 1.7113445080459986
5, art_std, 0.095, 0.18677510608203676, **, -2.272118763599467
8, ioiclass_abs_hist_04_long, 0.11499999999999999, 0.03828147100424328, **, 2.2891588705900987
17, avgtempo, 87.2, 195.21690240452617, *, -1.5494752623165169
Clifford Brown vs. all, (N = 21 vs. 1395)
Rank, Feature, Mean (class), Mean (others), Significance (t-test), Cohen's D
0, aic_mean_seg_len_02_short, 2.79952380952381, 2.0609103942652327, **, 0.7115161705774408
2, pitch_median, 68.35714285714286, 65.35483870967742, **, 0.6010824144748917
4, mean_length_step_ascending, 4.555238095238095, 3.6729677419354845, **, 0.6722732048978967
6, ric_mean_seg_len_02_short, 4.4228571428571435, 3.182853046594982, **, 0.686498973061894
9, cdpcx_density_1, 0.22761904761904764, 0.15209318996415772, **, 0.6160901811404488
14, mean_length_arpeggio_ascending, 3.3276190476190473, 2.5934767025089607, *, 0.5046239989864124
17, aic_mean_seg_len, 2.856190476190476, 2.272810035842294, **, 0.5774287871213644
Coleman Hawkins vs. all, (N = 10 vs. 1406)
Rank, Feature, Mean (class), Mean (others), Significance (t-test), Cohen's D
0, int_bigram_entropy, 6.262, 5.324879089615933, *, 0.8165711064036891
2, cdpcx_density_2, 0.17400000000000002, 0.09780938833570413, ***, 1.0699208707966943
3, pitch_median, 60.3, 65.43563300142247, **, -1.0292904606751498
16, metrical_event_density, 8.325, 6.3784210526315785, *, 0.6808119370525716
Curtis Fuller vs. all, (N = 8 vs. 1408)
Rank, Feature, Mean (class), Mean (others), Significance (t-test), Cohen's D
0, pitch_median, 58.5, 65.4385653409091, ***, -1.393034577743324
1, durclass_rel_entropy, 0.85, 0.5802130681818182, ***, 1.403358586103659
3, art_median, 0.75875, 0.8457457386363636, ***, -1.2378480045706444
6, ioiclass_abs_hist_03_medium, 0.31125, 0.08671164772727273, ***, 2.46435959375538
7, art_std, 0.23374999999999999, 0.18637784090909087, ***, 1.1730763650668978
8, cdpcx_density_7, 0.2475, 0.10362215909090908, ***, 2.195077572940817
14, ioiclass_rel_hist_03_medium, 0.33999999999999997, 0.17040482954545455, ***, 1.2945231923475597
15, ric_mean_seg_len, 1.4762499999999998, 2.2978267045454546, **, -1.0175648970906375
16, int_std, 2.395, 3.3888991477272725, **, -1.1119141951041944
17, durclass_abs_entropy, 0.7887500000000001, 0.5829332386363636, **, 0.933422656256248
19, abs_int_mean, 1.935, 2.6907102272727275, ***, -1.226458000096426
David Liebman vs. all, (N = 34 vs. 1382)
Rank, Feature, Mean (class), Mean (others), Significance (t-test), Cohen's D
2, pitch_entropy, 4.313529411764706, 3.76356005788712, ***, 0.5793563631402349
3, pitch_median, 68.8529411764706, 65.3143994211288, ***, 0.7107518166315937
5, mean_length_chromatic_descending, 4.193529411764707, 2.8745151953690304, ***, 0.7863204439081528
8, cdpcx_density_b6, 0.06911764705882353, 0.04205499276410999, ***, 0.86482268571903
9, pitch_std, 6.314411764705883, 5.073342981186686, ***, 0.7630962334822415
13, cdpcx_density_T, 0.07558823529411765, 0.042474674384949354, ***, 0.7910103086830907
14, mean_length_chromatic_mixed, 4.216764705882353, 3.532612156295224, **, 0.5493732218287447
15, mean_length_chromatic_sequences, 3.9067647058823534, 3.1648914616497823, **, 0.5543645800554664
16, cdpcx_density_<, 0.008529411764705883, 0.0027713458755426923, ***, 0.5988847390068307
19, cdpcx_density_b2, 0.06176470588235293, 0.038856729377713464, ***, 0.778901652986452
David Murray vs. all, (N = 12 vs. 1404)
Rank, Feature, Mean (class), Mean (others), Significance (t-test), Cohen's D
0, avgtempo, 66.60833333333333, 196.16225071225074, ***, -1.882741112470294
1, durclass_rel_hist_01_very_short, 0.8183333333333334, 0.2676353276353276, ***, 2.214012448074269
2, mean_seg_len_01_very_short, 10.207500000000001, 2.2585470085470085, ***, 2.5022754503959557
3, ioiclass_rel_hist_01_very_short, 0.7566666666666667, 0.17591880341880342, ***, 2.7968000402351456
4, pitch_entropy, 4.335833333333333, 3.7719871794871795, *, 0.5925222797539225
5, pitch_range, 34.666666666666664, 23.12037037037037, ***, 1.4178568265147198
7, ric_mean_seg_len_01_very_short, 5.776666666666667, 1.6085826210826208, ***, 3.047732257581222
8, metrical_event_density, 14.891666666666666, 6.319522792022792, ***, 3.112860551330258
9, pitch_std, 7.075833333333333, 5.086282051282051, ***, 1.2226599236073106
10, ioiclass_abs_hist_02_short, 0.515, 0.39382478632478635, *, 0.5820084648951998
11, mcm_entropy, 0.9058333333333334, 0.7131695156695157, ***, 1.0740900803637397
12, durclass_rel_hist_02_short, 0.14583333333333334, 0.5823789173789173, ***, -1.797055836998544
13, mcm_mean_angle, 14.989166666666664, 23.30066239316239, *, -0.6314998508942722
14, aic_mean_seg_len_02_short, 2.7983333333333333, 2.0656552706552707, *, 0.7046665936970782
15, durclass_abs_hist_02_short, 0.43249999999999994, 0.30914529914529915, *, 0.6017826610336655
16, cdpcx_density_3, 0.06583333333333333, 0.12086182336182336, *, -0.5997955796719191
19, durclass_mean_seg_len, 5.653333333333332, 2.9053561253561258, ***, 1.1377285292661188
Dexter Gordon vs. all, (N = 35 vs. 1381)
Rank, Feature, Mean (class), Mean (others), Significance (t-test), Cohen's D
0, avgtempo, 152.27428571428572, 196.14880521361331, ***, -0.6313199409139044
1, syncopicity, 0.3840592561419714, 0.31137884969528584, **, 0.5123911262504788
Dickie Wells vs. all, (N = 8 vs. 1408)
Rank, Feature, Mean (class), Mean (others), Significance (t-test), Cohen's D
0, ioiclass_rel_hist_03_medium, 0.49624999999999997, 0.16951704545454546, ***, 2.5264607051389034
1, parsons_bigram_entropy, 2.75, 2.1825355113636364, **, 0.949301185312079
3, ric_mean_seg_len_03_medium, 2.14375, 1.3929403409090908, ***, 1.5250962072048238
4, metric_complexity, 0.269532613096125, 0.1696706692420574, ***, 1.4140160111668012
5, metric_complexity_division, 0.30733771666500004, 0.2348212813778001, **, 0.9404913107247292
6, aic_mean_seg_len_02_short, 2.89, 2.0672159090909092, *, 0.7910684944702753
8, metric_complexity_compression, 0.231727509527375, 0.10452005710627854, **, 1.1646794116315584
9, int_min, -14.875, -10.020596590909092, *, -0.9022404792272983
10, ioiclass_abs_hist_02_short, 0.6575, 0.39335937499999996, ***, 1.2726301307483543
13, int_range, 28.75, 21.634943181818183, *, 0.7646192203130161
Dizzy Gillespie vs. all, (N = 13 vs. 1403)
Rank, Feature, Mean (class), Mean (others), Significance (t-test), Cohen's D
0, pitch_median, 74.23076923076923, 65.3175338560228, ***, 1.8060422299117413
1, mean_length_chromatic_ascending, 4.114615384615385, 2.351710620099786, ***, 1.0450226215685696
3, pitch_std, 6.385384615384615, 5.091261582323592, **, 0.792593920672636
6, cdpcx_density_4, 0.11615384615384619, 0.08478260869565217, *, 0.6626128501571251
7, mean_length_chromatic_mixed, 4.346153846153846, 3.5416535994297935, *, 0.6449549387236008
8, fuzzyint_hist_06_step_down, 0.38615384615384624, 0.2744832501781896, ***, 0.9243937662441674
9, cdpcx_density_b2, 0.05692307692307692, 0.03924447612259444, *, 0.5978327966411511
10, syncopicity, 0.22727832131684614, 0.3139712382159941, *, -0.6102831935553674
11, mean_length_chromatic_sequences, 4.242307692307692, 3.172886671418389, **, 0.7985677946572176
15, mean_length_step, 6.024615384615386, 4.905317177476835, **, 0.7420177978103695
Don Byas vs. all, (N = 13 vs. 1403)
Rank, Feature, Mean (class), Mean (others), Significance (t-test), Cohen's D
0, avgtempo, 132.75384615384613, 195.64169636493233, **, -0.9039300855203836
1, pitch_median, 58.92307692307692, 65.45937277263008, ***, -1.315413074653554
3, durclass_bigram_entropy, 2.3392307692307694, 1.8928510334996436, *, 0.5472127662827105
4, art_std, 0.1515384615384615, 0.18697077690662864, **, -0.8770905660690538
9, metrical_event_density, 8.409230769230769, 6.3734782608695655, *, 0.7124859731885801
11, fuzzyint_hist_03_leap_up, 0.1553846153846154, 0.11612972202423379, *, 0.6370470407261244
18, mean_length_arpeggio_ascending, 3.4169230769230765, 2.5968353528153956, *, 0.5634657443762595
Don Ellis vs. all, (N = 12 vs. 1404)
Rank, Feature, Mean (class), Mean (others), Significance (t-test), Cohen's D
0, aic_mean_seg_len, 1.45, 2.2885683760683757, **, -0.8303947932727953
3, cdpcx_density_<, 0.012499999999999999, 0.002827635327635328, ***, 1.0060527590745822
4, nPVI_ioi, 0.6083333333333335, 0.4514173789173789, ***, 1.024942562197444
6, pitch_median, 69.54166666666667, 65.36396011396012, **, 0.836657453756246
7, cdpcx_density_>, 0.03916666666666667, 0.012321937321937322, ***, 1.2567901182291408
8, cdpcx_density_6, 0.14333333333333334, 0.08237891737891738, ***, 0.9717510308818456
11, aic_mean_seg_len_01_very_short, 1.3016666666666667, 2.90480056980057, *, -0.6798725091439886
Eric Dolphy vs. all, (N = 21 vs. 1395)
Rank, Feature, Mean (class), Mean (others), Significance (t-test), Cohen's D
0, metrical_event_density, 11.753809523809524, 6.3114551971326165, ***, 1.952649934765967
1, event_density, 5.682380952380954, 4.7788100358422945, *, 0.5296889464868232
2, ric_mean_seg_len_01_very_short, 5.012857142857142, 1.593189964157706, ***, 2.517305788883201
3, ioiclass_rel_hist_01_very_short, 0.5261904761904761, 0.1756415770609319, ***, 1.668194741078213
4, durclass_rel_hist_01_very_short, 0.6228571428571428, 0.2670250896057348, ***, 1.422560738705109
5, avgtempo, 139.35238095238094, 195.90301075268817, ***, -0.8137462032543368
6, mean_seg_len_01_very_short, 8.442380952380953, 2.2338351254480284, ***, 1.9575416161539718
7, pitch_std, 6.252857142857142, 5.085835125448028, **, 0.715377061448518
8, durclass_mean_seg_len, 5.068095238095237, 2.8964372759856634, ***, 0.8995395914654427
10, ric_mean_seg_len, 3.3633333333333333, 2.2770752688172045, ***, 1.3595021639407165
11, mean_length_arpeggio, 3.8714285714285714, 3.389777777777778, *, 0.5018612254471825
12, mcm_entropy, 0.8223809523809523, 0.7131827956989246, **, 0.6074734442977505
13, aic_mean_seg_len_01_very_short, 4.3757142857142854, 2.8688673835125447, **, 0.6397055827397953
14, mean_length_arpeggio_ascending, 3.3352380952380947, 2.5933620071684587, *, 0.5099600269341887
15, metric_complexity_compression, 0.02023884001251857, 0.10651831171440594, ***, -0.7905458865204702
18, durclass_rel_hist_02_short, 0.2557142857142857, 0.5835412186379928, ***, -1.3491552714037849
19, ioiclass_abs_hist_01_very_short, 0.6295238095238095, 0.43815053763440864, ***, 0.7766519173570579
Fats Navarro vs. all, (N = 11 vs. 1405)
Rank, Feature, Mean (class), Mean (others), Significance (t-test), Cohen's D
0, pitch_median, 70.68181818181819, 65.35800711743772, ***, 1.06772546807209
1, mean_number_of_unique_pc, 8.606363636363637, 6.763800711743772, **, 0.8854152318584664
2, mean_length_chromatic_descending, 4.298181818181818, 2.8952882562277584, **, 0.8325403282518095
3, fuzzyint_hist_06_step_down, 0.36363636363636365, 0.2748185053380783, *, 0.7338979112592012
4, mean_length_step, 6.401818181818182, 4.903957295373665, **, 0.9942699301619661
6, mean_length_step_ascending, 4.655454545454545, 3.6784626334519572, *, 0.7435816983299008
8, ratio_chromatic_sequences, 0.17818181818181816, 0.09271174377224199, ***, 1.1412967525867161
13, mcm_mean_angle, 14.180000000000001, 23.30108185053381, *, -0.6931332701073787
Freddie Hubbard vs. all, (N = 19 vs. 1397)
Rank, Feature, Mean (class), Mean (others), Significance (t-test), Cohen's D
0, cdpcx_density_B, 0.06631578947368422, 0.03310665712240515, **, 0.7541945999960679
1, avgtempo, 114.25789473684209, 196.16335003579098, ***, -1.183770591124185
2, mean_length_step_descending, 4.700526315789474, 3.9050680028632785, **, 0.6240876366754662
3, ioiclass_abs_hist_05_very_long, 0.02526315789473685, 0.006814602720114531, ***, 1.1807351972669529
4, ric_mean_seg_len_01_very_short, 3.1910526315789474, 1.6228632784538295, ***, 1.1133619853799208
5, pitch_median, 69.02631578947368, 65.35003579098067, **, 0.7367155656870111
8, ratio_ascending_descending, 0.7552631578947367, 0.9281317108088761, *, -0.5785437315130681
9, fuzzyint_hist_01_big_jump_up, 0.04, 0.022276306370794564, **, 0.7277991085509002
11, event_density, 3.4294736842105267, 4.810744452397996, ***, -0.8115883071784975
12, parsons_hist_ascending, 0.3447368421052632, 0.4332355046528275, **, -0.7248914747053953
13, mean_seg_len_01_very_short, 4.469473684210526, 2.2967573371510377, **, 0.668592561192681
18, ioiclass_rel_hist_01_very_short, 0.34578947368421054, 0.1785969935576235, ***, 0.7830810109913025
19, syncopicity, 0.4493713216467369, 0.3113229851702725, ***, 0.9762700668496533
George Coleman vs. all, (N = 2 vs. 1414)
Rank, Feature, Mean (class), Mean (others), Significance (t-test), Cohen's D
1, mean_length_step, 7.44, 4.912022630834512, *, 1.674997277349695
2, durclass_abs_hist_05_very_long, 0.5, 0.002545968882602546, ***, 11.75183475627573
3, event_density, 2.11, 4.7960042432814705, *, -1.5741075733506542
7, durclass_rel_hist_05_very_long, 0.5, 0.005544554455445545, ***, 9.343939375920032
9, cdpcx_density_1, 0.595, 0.15258840169731258, ***, 3.632301028747589
Gerry Mulligan vs. all, (N = 16 vs. 1400)
Rank, Feature, Mean (class), Mean (others), Significance (t-test), Cohen's D
0, pitch_median, 58.25, 65.48107142857143, ***, -1.4610394192988634
1, ioiclass_rel_hist_03_medium, 0.273125, 0.17020000000000002, **, 0.7846395096675317
2, syncopicity, 0.20954331215049998, 0.3143596945712505, **, -0.738862582986053
6, pitch_std, 4.2875, 5.112464285714285, *, -0.5045320279544642
8, art_median, 0.78375, 0.845957142857143, ***, -0.8851993052362475
10, ric_mean_seg_len_03_medium, 1.645, 1.39435, *, 0.5065643786685654
12, avgtempo, 234.83125, 194.60985714285718, *, 0.5770618852386944
13, mean_length_chromatic_ascending, 3.290625, 2.35735, *, 0.551435104904116
16, durclass_rel_hist_02_short, 0.7831250000000001, 0.5763428571428573, ***, 0.8432249064069542
17, mean_seg_len_02_short, 5.413124999999999, 3.7735571428571424, *, 0.6288545400659995
Hank Mobley vs. all, (N = 19 vs. 1397)
Rank, Feature, Mean (class), Mean (others), Significance (t-test), Cohen's D
0, avgtempo, 159.77894736842103, 195.54423765211166, *, -0.5130693008564776
7, durclass_abs_entropy, 0.7342105263157894, 0.5820544022906227, **, 0.6905476610400618
12, pitch_std, 4.1547368421052635, 5.11604151753758, *, -0.5884256193455436
17, cdpcx_density_3, 0.1668421052631579, 0.11976377952755905, *, 0.5132599064641806
19, cdpcx_density_2, 0.14, 0.09778095919828203, *, 0.5918696748720801
Harry Edison vs. all, (N = 2 vs. 1414)
Rank, Feature, Mean (class), Mean (others), Significance (t-test), Cohen's D
1, durclass_abs_hist_02_short, 0.6, 0.3097807637906648, *, 1.415674026133633
Henry Allen vs. all, (N = 2 vs. 1414)
Rank, Feature, Mean (class), Mean (others), Significance (t-test), Cohen's D
1, mean_length_chromatic_mixed, 5.335, 3.5465134370579916, *, 1.433166553118094
3, ric_mean_seg_len_03_medium, 2.1399999999999997, 1.3961315417256013, *, 1.503601971978384
10, ioiclass_rel_hist_03_medium, 0.385, 0.17106082036775108, *, 1.628399147000121
Herbie Hancock vs. all, (N = 14 vs. 1402)
Rank, Feature, Mean (class), Mean (others), Significance (t-test), Cohen's D
0, art_median, 0.9378571428571426, 0.8443295292439372, ***, 1.336643689401812
1, mean_length_step_ascending, 5.485714285714287, 3.6680813124108416, ***, 1.3935226665490412
2, mean_length_step_descending, 5.325714285714286, 3.9016619115549216, ***, 1.121232263096627
3, mean_length_step, 6.986428571428573, 4.894914407988588, ***, 1.3962190553519642
4, avgtempo, 283.5071428571429, 194.1811697574893, ***, 1.289576450019768
5, durclass_rel_hist_01_very_short, 0.020714285714285716, 0.2748145506419401, ***, -1.0060946620039908
7, nPVI_ioi, 0.32857142857142857, 0.4539871611982882, **, -0.8182650765012124
9, pitch_entropy, 4.307142857142857, 3.771469329529244, *, 0.5629596700862395
10, ioiclass_rel_hist_05_very_long, 0.03571428571428572, 0.01865192582025678, **, 0.7320762788229598
12, mean_length_chromatic_descending, 4.2907142857142855, 2.892360912981455, **, 0.8304277636113897
13, mean_length_seq_ascending, 4.845, 4.139957203994294, **, 0.8452118048918981
15, cdpcx_density_3, 0.05285714285714286, 0.12106990014265336, **, -0.7443912872496798
16, nPVI_dur, 0.32857142857142857, 0.4539871611982882, **, -0.8182650765012124
18, mean_length_chromatic_mixed, 4.365, 3.540891583452211, *, 0.6608363412631053
19, pitch_std, 6.009285714285714, 5.094094151212554, *, 0.5597757642697793
J.C. Higginbotham vs. all, (N = 2 vs. 1414)
Rank, Feature, Mean (class), Mean (others), Significance (t-test), Cohen's D
1, metric_complexity_compression, 0.3045977011495, 0.10495676455414442, **, 1.8252064446933234
3, metric_complexity, 0.278534315691, 0.17008167932546236, *, 1.5296142973433824
9, ric_mean_seg_len_03_medium, 2.185, 1.3960678925035361, *, 1.595008305349715
13, mean_length_seq_repitition, 6.5, 1.9475247524752477, **, 1.988533244048679
16, ioiclass_rel_hist_03_medium, 0.39, 0.17105374823196606, *, 1.6666583107297213
J.J. Johnson vs. all, (N = 38 vs. 1378)
Rank, Feature, Mean (class), Mean (others), Significance (t-test), Cohen's D
1, art_median, 0.7847368421052632, 0.8469230769230769, ***, -0.8901300765544425
2, aic_mean_seg_len, 1.6473684210526314, 2.298947750362845, ***, -0.6468753156100481
3, pitch_std, 4.033947368421052, 5.132626995645864, ***, -0.6749616082929119
4, parsons_entropy, 0.8621052631578947, 0.7136429608127721, ***, 0.7763704209226315
5, parsons_bigram_entropy, 2.586052631578948, 2.1747024673439768, ***, 0.6906709569335935
8, mean_length_seq_repitition, 3.387631578947368, 1.914419448476052, ***, 0.6451971172023132
9, pitch_range, 17.710526315789473, 23.37010159651669, ***, -0.6934979720755453
13, fuzzyint_hist_05_repeat, 0.13026315789473686, 0.05538461538461538, ***, 0.874552825799514
17, ioiclass_rel_hist_03_medium, 0.26973684210526316, 0.16865021770682148, ***, 0.7739770191490657
18, ioiclass_bigram_entropy, 3.0113157894736844, 2.5196589259796807, ***, 0.5973165678990279
19, parsons_hist_constant, 0.13026315789473686, 0.05538461538461538, ***, 0.874552825799514
Joe Henderson vs. all, (N = 47 vs. 1369)
Rank, Feature, Mean (class), Mean (others), Significance (t-test), Cohen's D
0, avgtempo, 234.76595744680856, 193.70131482834185, ***, 0.5913608618839076
2, cdpcx_density_<, 0.009361702127659575, 0.0026880934989043097, ***, 0.6965736673859103
9, event_density, 5.818297872340425, 4.7569831994156315, ***, 0.624769987819597
13, durclass_abs_hist_01_very_short, 0.7891489361702129, 0.5977063550036523, ***, 0.7713416441029928
Joe Lovano vs. all, (N = 38 vs. 1378)
Rank, Feature, Mean (class), Mean (others), Significance (t-test), Cohen's D
3, abs_int_range, 15.842105263157896, 12.642960812772133, ***, 0.5463613689017667
12, metrical_event_density, 7.972631578947371, 6.348584905660378, ***, 0.5694846663720841
John Abercrombie vs. all, (N = 3 vs. 1413)
Rank, Feature, Mean (class), Mean (others), Significance (t-test), Cohen's D
0, aic_mean_seg_len_03_medium, 2.1, 1.1613234253361642, **, 1.8565029738682544
3, mean_length_step_ascending, 5.29, 3.682646850672328, *, 1.2226732813553747
7, metric_complexity, 0.2649280119593333, 0.1700338139856389, *, 1.3387127827670737
8, mean_length_seq_ascending, 5.29, 4.144501061571125, *, 1.3711721403130255
10, durclass_rel_hist_03_medium, 0.32666666666666666, 0.11347487615003536, **, 1.591751021392676
John Coltrane vs. all, (N = 137 vs. 1279)
Rank, Feature, Mean (class), Mean (others), Significance (t-test), Cohen's D
0, avgtempo, 241.3029197080292, 190.11149335418293, ***, 0.7509582004694481
1, aic_mean_seg_len_02_short, 1.5116788321167884, 2.131868647380766, ***, -0.6046852170972289
2, ioiclass_abs_hist_02_short, 0.2313138686131387, 0.41236903831118066, ***, -0.8985313147216316
3, ioiclass_abs_hist_01_very_short, 0.6381751824817519, 0.4198670836591087, ***, 0.913735143965573
5, durclass_abs_hist_02_short, 0.1976642335766423, 0.322243940578577, ***, -0.6168560222084025
10, aic_mean_seg_len_01_very_short, 3.9810218978102188, 2.774480062548866, ***, 0.5166194254481303
11, abs_int_mean, 2.9927737226277373, 2.653627834245504, ***, 0.5554426809114678
18, event_density, 5.913868613138686, 4.672064112587959, ***, 0.7438592593523227
Johnny Dodds vs. all, (N = 6 vs. 1410)
Rank, Feature, Mean (class), Mean (others), Significance (t-test), Cohen's D
0, pitch_median, 73.66666666666667, 65.36418439716311, ***, 1.6675501167232132
1, extrema_ratio, 0.5349999999999999, 0.4106312056737589, *, 0.8522360925655238
2, cdpcx_density_B, 0.075, 0.0333758865248227, *, 0.9435282201467589
10, art_median, 0.785, 0.8455106382978724, *, -0.8586430461472117
16, cdpcx_density_4, 0.04, 0.08526241134751773, *, -0.9559517810913916
Johnny Hodges vs. all, (N = 3 vs. 1413)
Rank, Feature, Mean (class), Mean (others), Significance (t-test), Cohen's D
3, metric_complexity_division, 0.331030179041, 0.23502758342260402, *, 1.2440383846543883
Joshua Redman vs. all, (N = 19 vs. 1397)
Rank, Feature, Mean (class), Mean (others), Significance (t-test), Cohen's D
0, pitch_std, 6.640526315789474, 5.082233357193987, ***, 0.9574323268629049
4, pitch_range, 28.94736842105263, 23.14030064423765, **, 0.7094932445220766
5, cdpcx_density_B, 0.0636842105263158, 0.03314244810307802, **, 0.693214532880054
6, avgtempo, 141.38947368421054, 195.79434502505364, ***, -0.7822580327111215
11, fuzzyint_hist_01_big_jump_up, 0.03842105263157896, 0.02229778095919828, **, 0.6616794908131515
14, int_std, 3.8900000000000006, 3.376392269148175, *, 0.5738538445529567
19, metrical_event_density, 8.118947368421054, 6.368682891911238, **, 0.6126763033303708
Kai Winding vs. all, (N = 6 vs. 1410)
Rank, Feature, Mean (class), Mean (others), Significance (t-test), Cohen's D
0, fuzzyint_hist_01_big_jump_up, 0.053333333333333344, 0.022382978723404258, **, 1.2708085996548186
2, ioiclass_rel_hist_05_very_long, 0.05666666666666667, 0.018659574468085107, ***, 1.635629175212217
4, art_std, 0.2383333333333333, 0.18642553191489358, **, 1.2849039789337107
5, aic_mean_seg_len, 1.3916666666666666, 2.2852482269503547, *, -0.8837704021952217
6, ric_mean_seg_len, 1.3916666666666668, 2.297021276595745, **, -1.1210410045024635
7, durclass_rel_hist_03_medium, 0.23, 0.11343262411347517, *, 0.8693854384907942
9, ratio_ascending_descending, 0.6733333333333333, 0.926886524822695, *, -0.8479820124591732
15, cdpcx_density_1, 0.3033333333333333, 0.15257446808510639, **, 1.2303063262968013
Kenny Dorham vs. all, (N = 33 vs. 1383)
Rank, Feature, Mean (class), Mean (others), Significance (t-test), Cohen's D
0, cdpcx_density_<, 0.017272727272727273, 0.002566883586406363, ***, 1.5650712089412635
1, pitch_median, 69.63636363636364, 65.29826464208243, ***, 0.8737356992343951
5, syncopicity, 0.4159977242594242, 0.310721865866665, ***, 0.7445047440398634
6, mean_length_step, 5.791515151515152, 4.89469269703543, ***, 0.5954378539424583
10, int_std, 2.8003030303030303, 3.3971945046999283, ***, -0.6688399836894184
11, cdpcx_density_2, 0.14181818181818182, 0.09731019522776574, ***, 0.6252824382781682
13, metric_complexity_compression, 0.1621051046509576, 0.10388184528443788, **, 0.53277025329461
14, fuzzyint_hist_04_step_up, 0.29515151515151516, 0.24138105567606655, **, 0.5113991226011326
Kenny Garrett vs. all, (N = 3 vs. 1413)
Rank, Feature, Mean (class), Mean (others), Significance (t-test), Cohen's D
0, parsons_bigram_entropy, 2.89, 2.1842462845010617, *, 1.1793940621443126
1, art_std, 0.26333333333333336, 0.186482661004954, **, 1.9029819730585136
6, mean_number_of_unique_pc, 4.326666666666667, 6.783319179051665, *, -1.1786804667225355
8, parsons_entropy, 0.9366666666666666, 0.7171620665251238, *, 1.1405051419104646
11, parsons_hist_constant, 0.17666666666666667, 0.05714083510261855, *, 1.385064213260812
13, fuzzyint_hist_05_repeat, 0.17666666666666667, 0.05714083510261855, *, 1.385064213260812
Kenny Wheeler vs. all, (N = 7 vs. 1409)
Rank, Feature, Mean (class), Mean (others), Significance (t-test), Cohen's D
0, ratio_ascending_descending, 0.6671428571428571, 0.927097232079489, *, -0.8696880077053649
3, fuzzyint_hist_06_step_down, 0.37714285714285717, 0.27500354861603976, *, 0.8436988365799137
7, int_range, 32.285714285714285, 21.622427253371185, **, 1.147755743547924
8, avgtempo, 126.70000000000002, 195.40397444996452, **, -0.9862286248899744
9, abs_int_range, 19.285714285714285, 12.69623846699787, **, 1.1244929109520556
10, mean_length_step, 6.497142857142856, 4.907735982966643, **, 1.0539064947991783
12, pitch_median, 69.28571428571429, 65.38005677785664, *, 0.7810524263153508
16, durclass_abs_hist_03_medium, 0.20285714285714285, 0.06495386799148332, **, 1.2199101388622564
17, mean_length_chromatic_descending, 4.277142857142857, 2.899375443577005, *, 0.8167896900495452
18, mean_length_step_descending, 5.018571428571428, 3.9102625975869407, *, 0.8689139105346627
Kid Ory vs. all, (N = 5 vs. 1411)
Rank, Feature, Mean (class), Mean (others), Significance (t-test), Cohen's D
0, art_median, 0.692, 0.8457973068745569, ***, -2.197444079073106
2, fuzzyint_hist_01_big_jump_up, 0.05, 0.022416725726435154, *, 1.1312552249985317
3, metric_complexity, 0.2762777669794, 0.16985908884669654, ***, 1.5044165415377
4, ric_mean_seg_len_03_medium, 1.8439999999999999, 1.3955988660524452, *, 0.9062303608900206
5, metric_complexity_division, 0.3362518230298, 0.23487300269178846, **, 1.3155515996841574
10, fuzzyint_hist_07_leap_down, 0.22399999999999998, 0.13801559177888023, *, 1.0524257286788095
12, metric_complexity_compression, 0.2163037109287, 0.1048451750015703, *, 1.0184708184398046
15, event_density, 2.7, 4.799624379872431, **, -1.2315957415193002
16, pitch_median, 59.2, 65.42133238837704, **, -1.2456667829148966
Lee Konitz vs. all, (N = 23 vs. 1393)
Rank, Feature, Mean (class), Mean (others), Significance (t-test), Cohen's D
1, mean_length_chromatic_ascending, 3.2221739130434783, 2.3537903804737974, *, 0.5133014413806197
2, pitch_median, 68.28260869565217, 65.35175879396985, **, 0.5868422771442605
3, ioiclass_rel_hist_02_short, 0.7726086956521739, 0.535678391959799, ***, 1.1311964361564721
5, ric_mean_seg_len_02_short, 4.772608695652173, 3.17529791816224, ***, 0.8868079626736214
10, event_density, 5.716086956521738, 4.776956209619526, **, 0.5507398815884131
11, cdpcx_density_1, 0.21956521739130438, 0.15211773151471644, **, 0.549997033250795
15, ioiclass_rel_entropy, 0.3960869565217392, 0.6278391959798996, ***, -1.219883136423461
18, art_std, 0.14956521739130438, 0.1872577171572146, ***, -0.9362855721824006
Lee Morgan vs. all, (N = 10 vs. 1406)
Rank, Feature, Mean (class), Mean (others), Significance (t-test), Cohen's D
0, ratio_chromatic_sequences, 0.181, 0.09275248933143669, ***, 1.178205623351397
3, mean_length_seq_repitition, 4.25, 1.9376244665718352, **, 1.010850113964429
7, cdpcx_density_L, 0.13000000000000003, 0.033577524893314364, ***, 1.9834393388275064
8, cdpcx_density_B, 0.064, 0.03333570412517781, *, 0.6949648426090753
9, abs_int_mean, 2.089, 2.690689900426743, **, -0.9756339356081727
17, int_std, 2.6659999999999995, 3.388385490753912, *, -0.80720556705645
18, aic_mean_seg_len_05_very_long, 0.85, 0.41362731152204835, *, 0.7020325442485853
Lester Young vs. all, (N = 12 vs. 1404)
Rank, Feature, Mean (class), Mean (others), Significance (t-test), Cohen's D
0, pitch_median, 57.083333333333336, 65.4704415954416, ***, -1.6948568856742552
1, mean_length_arpeggio_descending, 3.5, 2.539316239316239, *, 0.6893528006214213
2, int_bigram_entropy, 6.011666666666667, 5.325683760683761, *, 0.5972388855873205
6, durclass_bigram_entropy, 2.4558333333333335, 1.8921723646723647, *, 0.6914328402409338
7, ratio_ascending_descending, 1.1866666666666668, 0.9235826210826211, **, 0.8813900887347208
14, durclass_rel_hist_03_medium, 0.24916666666666665, 0.11277065527065527, ***, 1.0200881950887841
15, event_density, 3.801666666666666, 4.800676638176639, *, -0.5852803231200998
Lionel Hampton vs. all, (N = 7 vs. 1409)
Rank, Feature, Mean (class), Mean (others), Significance (t-test), Cohen's D
0, fuzzyint_entropy, 0.8471428571428571, 0.6855500354861604, *, 0.9226762598853949
1, pitch_range, 34.285714285714285, 23.16323633782825, ***, 1.3605666190650723
2, fuzzyint_bigram_entropy, 5.33, 4.193009226401704, *, 0.9700709445441948
3, int_entropy, 3.915714285714286, 3.2843435060326467, **, 1.0744983767149519
5, durclass_rel_hist_03_medium, 0.21571428571428572, 0.1134208658623137, *, 0.7628026235145776
6, int_bigram_entropy, 6.327142857142856, 5.326550745209369, *, 0.8714689771219355
8, int_min, -17.857142857142858, -10.009226401703335, ***, -1.4629381328805902
9, pitch_median, 70.71428571428571, 65.37295954577715, **, 1.069556616718633
10, int_range, 36.142857142857146, 21.603264726756564, ***, 1.569367636605691
11, int_std, 4.927142857142857, 3.3756139105748755, ***, 1.742641459915698
13, abs_int_mean, 3.565714285714286, 2.682072391767211, ***, 1.4352789130452508
15, abs_int_range, 19.428571428571427, 12.695528743789922, **, 1.1491502332110726
16, mean_length_arpeggio_descending, 3.602857142857143, 2.542214336408801, *, 0.7606444154036863
Louis Armstrong vs. all, (N = 12 vs. 1404)
Rank, Feature, Mean (class), Mean (others), Significance (t-test), Cohen's D
0, fuzzyint_entropy, 0.8333333333333331, 0.6850925925925926, **, 0.8472151236877071
1, parsons_bigram_entropy, 2.65, 2.1817735042735045, **, 0.7833241291256394
2, pitch_median, 70.91666666666667, 65.35220797720798, ***, 1.1169275543490198
3, int_entropy, 3.6799999999999997, 3.284109686609687, *, 0.6731176639464257
4, art_median, 0.7541666666666668, 0.8460327635327635, ***, -1.3109267431344995
5, fuzzyint_bigram_entropy, 5.0391666666666675, 4.19144586894587, *, 0.7231837293838544
6, ioiclass_abs_hist_02_short, 0.6166666666666667, 0.3929558404558405, ***, 1.0781974088382755
7, mean_length_step, 3.7558333333333334, 4.925505698005698, **, -0.7754294209723633
8, int_std, 4.226666666666667, 3.376075498575499, **, 0.9519061072731075
9, abs_int_mean, 3.170833333333333, 2.6823005698005695, **, 0.7915953295227186
10, parsons_entropy, 0.8633333333333333, 0.7163817663817664, **, 0.7643558328914428
14, cdpcx_density_6, 0.12166666666666666, 0.08256410256410257, *, 0.6219308022429965
15, parsons_hist_constant, 0.12, 0.05685897435897436, *, 0.7318398270403772
16, aic_mean_seg_len_01_very_short, 1.2216666666666667, 2.90548433048433, *, -0.714233003117455
Michael Brecker vs. all, (N = 53 vs. 1363)
Rank, Feature, Mean (class), Mean (others), Significance (t-test), Cohen's D
0, mean_length_seq_ascending, 4.6815094339622645, 4.1261408657373435, ***, 0.668793819021168
1, avgtempo, 243.5622641509434, 193.1785033015407, ***, 0.7283930215756084
3, mean_seg_len_02_short, 6.149433962264151, 3.70041819515774, ***, 0.9524612561243001
4, event_density, 6.269433962264151, 4.73476889214967, ***, 0.9111532255464692
8, cdpcx_density_b6, 0.0611320754716981, 0.041988261188554664, ***, 0.6105309433309505
11, mean_length_seq_descending, 4.929245283018868, 4.3596111518708724, ***, 0.6339719325321604
13, aic_mean_seg_len_01_very_short, 4.954528301886793, 2.8109831254585473, ***, 0.9210735625492693
16, ric_mean_seg_len, 2.87622641509434, 2.2705135730007338, ***, 0.7556979041597461
17, fuzzyint_hist_06_step_down, 0.34528301886792445, 0.2727953044754219, ***, 0.6016114620990627
19, ric_mean_seg_len_02_short, 4.572075471698113, 3.1479383712399116, ***, 0.7946355004317908
Miles Davis vs. all, (N = 69 vs. 1347)
Rank, Feature, Mean (class), Mean (others), Significance (t-test), Cohen's D
0, pitch_median, 70.73913043478261, 65.12583518930958, ***, 1.1550489817614777
1, art_std, 0.23521739130434782, 0.18415738678544916, ***, 1.3086388614322353
2, abs_int_mean, 2.1679710144927538, 2.7129992576095026, ***, -0.897121598864538
3, metrical_event_density, 4.375362318840581, 6.495478841870824, ***, -0.7499028816311699
4, mean_length_step_ascending, 4.314927536231885, 3.6538381588715665, ***, 0.5050438607647026
5, event_density, 3.502753623188405, 4.85826280623608, ***, -0.8048308620288013
6, ioiclass_rel_hist_05_very_long, 0.04376811594202898, 0.017542687453600596, ***, 1.1566024259014682
7, fuzzyint_hist_04_step_up, 0.2991304347826087, 0.23974016332590944, ***, 0.5673638311548915
8, mean_length_seq_ascending, 4.584782608695652, 4.124498886414254, ***, 0.553770236805477
9, ioiclass_abs_hist_05_very_long, 0.02405797101449276, 0.0061915367483296214, ***, 1.1684062143581693
10, int_std, 2.8062318840579707, 3.4128433556050486, ***, -0.6835879214344878
11, ioiclass_abs_hist_03_medium, 0.1692753623188406, 0.0838158871566444, ***, 0.9410815703999703
13, int_entropy, 3.0002898550724635, 3.302175204157387, ***, -0.5154584563868823
14, fuzzyint_hist_03_leap_up, 0.08333333333333334, 0.11818856718634002, ***, -0.5688289656212215
17, mean_length_step, 5.671304347826087, 4.8768819599109134, ***, 0.5287292924511986
18, int_bigram_entropy, 4.755507246376811, 5.361002227171491, ***, -0.5297921429628464
Milt Jackson vs. all, (N = 17 vs. 1399)
Rank, Feature, Mean (class), Mean (others), Significance (t-test), Cohen's D
0, pitch_median, 72.02941176470588, 65.31879914224446, ***, 1.3544969078528089
1, aic_mean_seg_len_02_short, 3.590588235294118, 2.0534095782701933, ***, 1.494780621302031
3, durclass_abs_hist_02_short, 0.4652941176470588, 0.30830593280914936, **, 0.7673681928351184
4, art_std, 0.14529411764705882, 0.18714796283059323, ***, -1.0390365158720656
5, avgtempo, 151.54117647058823, 195.59320943531094, **, -0.632342971318765
6, syncopicity, 0.17963978503071176, 0.3147979907424136, ***, -0.9549802894270872
8, int_std, 2.7458823529411767, 3.391029306647606, **, -0.7214744665739563
11, ric_mean_seg_len_02_short, 4.234705882352941, 3.188684774839171, *, 0.5782635675157605
15, nPVI_dur, 0.2894117647058823, 0.4547319513938527, ***, -1.0825530235553023
16, cdpcx_density_6, 0.11588235294117649, 0.08249463902787706, *, 0.5310606476400251
17, durclass_abs_hist_01_very_short, 0.33764705882352936, 0.6072980700500358, ***, -1.0836920667268266
Nat Adderley vs. all, (N = 7 vs. 1409)
Rank, Feature, Mean (class), Mean (others), Significance (t-test), Cohen's D
0, pitch_median, 72.21428571428571, 65.36550745209368, ***, 1.3739071163412762
9, ioiclass_rel_hist_03_medium, 0.3371428571428572, 0.17053938963804116, ***, 1.2707593513246838
15, ioiclass_rel_hist_05_very_long, 0.04714285714285715, 0.018679914833215048, **, 1.2225087022838415
17, art_std, 0.2285714285714286, 0.18643718949609647, **, 1.042130885775056
Ornette Coleman vs. all, (N = 5 vs. 1411)
Rank, Feature, Mean (class), Mean (others), Significance (t-test), Cohen's D
0, int_bigram_entropy, 6.947999999999999, 5.325768958185684, **, 1.4152194098410074
1, metrical_event_density, 1.1199999999999999, 6.410850460666195, ***, -1.8586701379549913
2, fuzzyint_bigram_entropy, 5.339999999999999, 4.194585400425231, *, 0.9766379016739957
3, int_entropy, 3.8300000000000005, 3.2855421686746986, *, 0.9253546923522985
4, fuzzyint_hist_01_big_jump_up, 0.048, 0.02242381289865344, *, 1.0486083458749909
5, mcm_entropy, 0.43200000000000005, 0.7158043940467753, ***, -1.581492490720653
10, ioiclass_bigram_entropy, 3.308, 2.5301063075832744, *, 0.9421585997703199
11, cdpcx_density_2, 0.032, 0.09858256555634304, *, -0.9326887560800715
12, cdpcx_density_1, 0.022, 0.15367824238128988, *, -1.0733460233313128
16, cdpcx_density_6, 0.014000000000000002, 0.08313961729270021, *, -1.1002272899034364
Pat Martino vs. all, (N = 2 vs. 1414)
Rank, Feature, Mean (class), Mean (others), Significance (t-test), Cohen's D
0, metric_complexity_division, 0.05794349686095, 0.23548173898128755, **, -2.3054540636067267
1, mean_seg_len_01_very_short, 13.8, 2.3096817538896746, ***, 3.556749341242861
2, durclass_mean_seg_len, 7.390000000000001, 2.9223338048090524, **, 1.8441421516999916
3, nPVI_dur, 0.22999999999999998, 0.45306223479490804, *, -1.4527595732680185
4, metric_complexity, 0.03254120209115, 0.17042961866577333, **, -1.946760197541344
5, nPVI_ioi, 0.22999999999999998, 0.45306223479490804, *, -1.4527595732680185
8, durclass_rel_hist_01_very_short, 0.92, 0.2713861386138614, ***, 2.567367784874786
10, aic_mean_seg_len_01_very_short, 7.065, 2.8853111739745403, *, 1.773048999415361
11, durclass_rel_entropy, 0.28500000000000003, 0.5821570014144272, *, -1.5398097483426152
12, durclass_rel_hist_02_short, 0.065, 0.5794059405940594, **, -2.0958438764688743
14, ioiclass_abs_hist_01_very_short, 0.85, 0.44041018387553044, *, 1.6581657579431905
19, aic_mean_seg_len, 3.915, 2.2791513437057995, *, 1.6182089144401086
Pat Metheny vs. all, (N = 20 vs. 1396)
Rank, Feature, Mean (class), Mean (others), Significance (t-test), Cohen's D
0, avgtempo, 285.39000000000004, 193.77027220630367, ***, 1.3280760616316662
1, ric_mean_seg_len_03_medium, 2.1935000000000002, 1.3857736389684814, ***, 1.6611446241060766
3, art_median, 0.764, 0.8464183381088827, ***, -1.1789566978057555
4, ioiclass_rel_hist_03_medium, 0.321, 0.1692191977077364, ***, 1.1639644982410873
5, event_density, 5.7965, 4.777822349570201, **, 0.5974257380735826
6, mean_length_seq_descending, 5.059, 4.37121776504298, ***, 0.7630529436993025
8, metric_complexity_compression, 0.22476243368783, 0.10352636949004482, ***, 1.115345449105779
12, aic_mean_seg_len, 2.804, 2.2739756446991404, *, 0.5243443071661774
13, ratio_chromatic_sequences, 0.15850000000000003, 0.09244269340974212, ***, 0.8824256377433065
15, durclass_rel_hist_03_medium, 0.198, 0.1127220630372493, **, 0.6368015260883002
19, metric_complexity, 0.2137333115668, 0.16961167404459154, **, 0.622943846468256
Paul Desmond vs. all, (N = 18 vs. 1398)
Rank, Feature, Mean (class), Mean (others), Significance (t-test), Cohen's D
0, mean_length_chromatic_ascending, 3.8499999999999996, 2.3488125894134475, ***, 0.8898825752805578
1, ric_mean_seg_len_03_medium, 1.6883333333333335, 1.3934334763948497, *, 0.5964688805550333
2, durclass_bigram_entropy, 2.6122222222222224, 1.8877396280400571, ***, 0.8913447425129685
6, fuzzyint_hist_01_big_jump_up, 0.052777777777777785, 0.022124463519313305, ***, 1.2669286757018772
8, aic_mean_seg_len_02_short, 2.812777777777778, 2.0623247496423462, **, 0.7226183911738862
11, parsons_hist_ascending, 0.5166666666666667, 0.4309585121602289, **, 0.7017636927382899
12, ratio_ascending_descending, 1.095, 0.9236337625178825, *, 0.573428931364779
16, ioiclass_rel_hist_05_very_long, 0.03777777777777778, 0.018576537911301857, ***, 0.8251998411369048
Pepper Adams vs. all, (N = 9 vs. 1407)
Rank, Feature, Mean (class), Mean (others), Significance (t-test), Cohen's D
0, pitch_median, 54.77777777777778, 65.46730632551528, ***, -2.1659174574062097
1, avgtempo, 140.7888888888889, 195.41151385927506, *, -0.7837405541948416
3, metrical_event_density, 11.468888888888891, 6.359694385216773, ***, 1.8022604578986081
5, mean_seg_len_01_very_short, 5.902222222222223, 2.303034825870647, ***, 1.1085649682756313
8, durclass_rel_hist_01_very_short, 0.5933333333333333, 0.2702487562189055, ***, 1.2795068626528803
10, ioiclass_rel_hist_01_very_short, 0.46444444444444444, 0.17902629708599857, ***, 1.338941646470289
16, art_median, 0.7633333333333333, 0.8457782515991473, ***, -1.173143985451468
18, ric_mean_seg_len_01_very_short, 2.7411111111111115, 1.6368869936034118, *, 0.7790902849644282
Phil Woods vs. all, (N = 18 vs. 1398)
Rank, Feature, Mean (class), Mean (others), Significance (t-test), Cohen's D
1, mean_length_chromatic_ascending, 3.619444444444445, 2.3517811158798283, **, 0.7503821931151236
2, ratio_chromatic_sequences, 0.16111111111111112, 0.0925035765379113, ***, 0.9163546468605258
3, mean_length_seq_repitition, 3.2777777777777777, 1.9369098712446353, *, 0.5853219776450298
6, syncopicity, 0.21931193534122223, 0.3143838702131736, **, -0.6700178442970837
7, mean_seg_len_02_short, 5.431666666666667, 3.770972818311874, **, 0.6371724172796032
12, cdpcx_density_b2, 0.055, 0.03920600858369099, *, 0.5341894456308474
16, mean_number_of_unique_pc, 7.807222222222222, 6.76486409155937, *, 0.5001648963288926
Red Garland vs. all, (N = 3 vs. 1413)
Rank, Feature, Mean (class), Mean (others), Significance (t-test), Cohen's D
0, pitch_median, 51.333333333333336, 65.42922859164898, ***, -2.8385737267238618
1, abs_int_mean, 5.1033333333333335, 2.681309271054494, ***, 3.9792976223700265
2, fuzzyint_hist_09_big_jump_down, 0.35000000000000003, 0.014706298655343243, ***, 11.78378198130763
3, nPVI_dur, 0.6666666666666666, 0.4522929936305732, *, 1.3969734104213178
5, durclass_rel_hist_03_medium, 0.27, 0.11359518754423212, *, 1.166319535460479
7, nPVI_ioi, 0.6666666666666666, 0.4522929936305732, *, 1.3969734104213178
17, ioiclass_rel_hist_04_long, 0.35333333333333333, 0.058025477707006376, ***, 4.578157895855416
18, durclass_rel_hist_05_very_long, 0.16666666666666666, 0.005902335456475584, ***, 2.891690196532779
Rex Stewart vs. all, (N = 3 vs. 1413)
Rank, Feature, Mean (class), Mean (others), Significance (t-test), Cohen's D
0, pitch_median, 77.66666666666667, 65.37331917905166, ***, 2.4705443911086657
1, cdpcx_density_L, 0.35333333333333333, 0.03358103326256193, ***, 6.798431313823335
7, art_median, 0.7433333333333333, 0.8454706298655343, *, -1.4502895138995382
12, parsons_hist_descending, 0.24666666666666667, 0.48004953998584576, **, -1.7861806706574592
Roy Eldridge vs. all, (N = 10 vs. 1406)
Rank, Feature, Mean (class), Mean (others), Significance (t-test), Cohen's D
0, mean_length_chromatic_ascending, 3.656, 2.35873399715505, *, 0.7667804716271155
3, mean_length_chromatic_mixed, 5.021999999999999, 3.538563300142247, ***, 1.1929167009117003
5, ratio_chromatic_sequences, 0.15300000000000002, 0.09295163584637268, *, 0.7996245449481266
7, pitch_median, 70.5, 65.36308677098151, **, 1.0295489552125197
Sidney Bechet vs. all, (N = 9 vs. 1407)
Rank, Feature, Mean (class), Mean (others), Significance (t-test), Cohen's D
0, durclass_bigram_entropy, 2.9988888888888887, 1.8899004975124378, ***, 1.3656312976977134
1, avgtempo, 127.93333333333334, 195.49374555792463, **, -0.9703746522063913
2, durclass_abs_hist_04_long, 0.07333333333333333, 0.016609808102345417, *, 0.7310866023895817
6, pitch_median, 70.44444444444444, 65.36709310589907, **, 1.0171568281933598
7, nPVI_dur, 0.61, 0.45174129353233833, **, 1.032638953404007
8, ioiclass_abs_hist_04_long, 0.09444444444444444, 0.03803127221037669, ***, 1.692202524427644
15, ratio_ascending_descending, 1.1577777777777776, 0.9243283582089553, *, 0.7810661421607027
18, nPVI_ioi, 0.61, 0.45174129353233833, **, 1.032638953404007
Sonny Rollins vs. all, (N = 77 vs. 1339)
Rank, Feature, Mean (class), Mean (others), Significance (t-test), Cohen's D
0, ioiclass_abs_hist_02_short, 0.5787012987012987, 0.3842793129200896, ***, 0.9540918486658738
1, aic_mean_seg_len_02_short, 3.1675324675324674, 2.008857356235997, ***, 1.1492510489138537
2, cdpcx_density_5, 0.18675324675324673, 0.13583271097834207, ***, 0.5615625322958984
3, mean_seg_len_02_short, 5.168441558441558, 3.7129350261389096, ***, 0.5615311904215183
4, pitch_median, 61.41558441558441, 65.62845407020164, ***, -0.8569849629191788
14, aic_mean_seg_len_01_very_short, 1.664025974025974, 2.961784914115011, ***, -0.5536166376596775
15, abs_int_mean, 3.0080519480519476, 2.667946228528753, ***, 0.553969908347441
19, mean_length_chromatic_sequences, 1.80974025974026, 3.2616579536967882, ***, -1.1151286531113758
Sonny Stitt vs. all, (N = 10 vs. 1406)
Rank, Feature, Mean (class), Mean (others), Significance (t-test), Cohen's D
0, mean_length_arpeggio_ascending, 3.6050000000000004, 2.5972475106685637, *, 0.6925707392440296
1, metrical_event_density, 9.187, 6.372290184921765, **, 0.9861912073025333
9, ioiclass_rel_hist_03_medium, 0.068, 0.17209815078236132, *, -0.7926065022222921
18, mean_length_chromatic_descending, 4.01, 2.8983357041251776, *, 0.6589563646117643
19, ioiclass_rel_hist_01_very_short, 0.377, 0.1794452347083926, **, 0.9243112063997383
Stan Getz vs. all, (N = 32 vs. 1384)
Rank, Feature, Mean (class), Mean (others), Significance (t-test), Cohen's D
1, mean_length_seq_descending, 5.06375, 4.365144508670521, ***, 0.7770713916279036
12, ric_mean_seg_len_02_short, 4.303125, 3.1757658959537576, ***, 0.6246735266707251
13, syncopicity, 0.23980040187279378, 0.31487185876750673, **, -0.5292101956364099
Steve Coleman vs. all, (N = 39 vs. 1377)
Rank, Feature, Mean (class), Mean (others), Significance (t-test), Cohen's D
0, nPVI_ioi, 0.34564102564102567, 0.45578068264342786, ***, -0.7212299484204365
3, fuzzyint_hist_08_jump_down, 0.07948717948717948, 0.049862018881626724, ***, 0.5375149044403957
4, nPVI_dur, 0.34564102564102567, 0.45578068264342786, ***, -0.7212299484204365
6, cdpcx_density_b2, 0.060000000000000005, 0.03882352941176471, ***, 0.7199085662176377
8, metrical_event_density, 7.904615384615383, 6.3493318809005075, ***, 0.5452349061624101
13, mean_length_step, 4.0256410256410255, 4.940798838053739, ***, -0.6081653765216867
17, metric_complexity_division, 0.19243017548612565, 0.23644320193849208, ***, -0.5718976587648185
18, durclass_mean_seg_len, 5.294871794871795, 2.8616267247639797, ***, 1.0157491642996388
Steve Lacy vs. all, (N = 16 vs. 1400)
Rank, Feature, Mean (class), Mean (others), Significance (t-test), Cohen's D
0, int_bigram_entropy, 5.9925, 5.323942857142858, *, 0.5822971908622708
3, mean_length_step_ascending, 4.451874999999999, 3.6773000000000002, *, 0.5894116886347687
4, pitch_median, 69.34375, 65.35428571428571, **, 0.799459005280006
7, cdpcx_density_7, 0.176875, 0.10360714285714287, ***, 1.1105479170459818
8, aic_mean_seg_len_02_short, 2.6343750000000004, 2.065435714285714, *, 0.546961252003183
11, durclass_abs_hist_02_short, 0.49375, 0.3080928571428571, ***, 0.9085124686551891
15, ric_mean_seg_len_03_medium, 1.666875, 1.3941, *, 0.5514249900270821
16, durclass_abs_hist_01_very_short, 0.341875, 0.6070571428571429, ***, -1.0650705010379335
Steve Turre vs. all, (N = 9 vs. 1407)
Rank, Feature, Mean (class), Mean (others), Significance (t-test), Cohen's D
1, parsons_entropy, 0.8533333333333334, 0.7167590618336888, *, 0.7097674619554032
3, art_median, 0.7822222222222223, 0.8456574271499646, **, -0.9010481819235823
4, pitch_median, 61.166666666666664, 65.42643923240938, *, -0.8525439434231291
5, parsons_bigram_entropy, 2.587777777777778, 2.18316986496091, *, 0.6761273682820875
6, ric_mean_seg_len_03_medium, 1.7222222222222223, 1.3951030561478321, *, 0.661073548299845
Von Freeman vs. all, (N = 3 vs. 1413)
Rank, Feature, Mean (class), Mean (others), Significance (t-test), Cohen's D
0, abs_int_range, 24.666666666666668, 12.7034677990092, ***, 2.0441718079147266
1, int_min, -21.666666666666668, -10.023354564755838, ***, -2.1698243520767435
2, avgtempo, 105.90000000000002, 195.2536447275301, *, -1.2818114118651156
3, cdpcx_density_T, 0.10000000000000002, 0.04314932767162066, *, 1.350777163498699
5, int_range, 39.666666666666664, 21.636942675159236, ***, 1.942092797893874
6, durclass_rel_hist_01_very_short, 0.7200000000000001, 0.2713517338995046, **, 1.7735230607256742
9, int_std, 4.623333333333334, 3.38065109695683, *, 1.3882514654192362
14, durclass_rel_hist_02_short, 0.2366666666666667, 0.5794055201698514, *, -1.394973675709163
15, pitch_range, 35.0, 23.1932059447983, *, 1.440892219467072
Warne Marsh vs. all, (N = 4 vs. 1412)
Rank, Feature, Mean (class), Mean (others), Significance (t-test), Cohen's D
0, ric_mean_seg_len_02_short, 8.052500000000002, 3.1875, ***, 2.711852551193689
1, mean_seg_len_02_short, 11.219999999999999, 3.771041076487252, ***, 2.883989734514421
2, mean_length_seq_descending, 6.027500000000001, 4.376267705382436, ***, 1.8331784108475806
5, mean_length_step_ascending, 5.1575, 3.681883852691218, *, 1.1226826794731732
6, ric_mean_seg_len, 4.49, 2.2869617563739375, ***, 2.749519795350551
7, mean_length_step_descending, 5.9275, 3.910042492917847, **, 1.5843326320836582
8, durclass_rel_hist_02_short, 0.8875, 0.5778045325779037, *, 1.2607127352796619
9, durclass_mean_seg_len, 6.272499999999999, 2.9191713881019834, **, 1.3845873478111357
10, ioiclass_rel_entropy, 0.3775, 0.6247733711048159, *, -1.2893695390991615
17, ioiclass_rel_hist_02_short, 0.8425, 0.5386685552407932, **, 1.4401759117991657
19, nPVI_dur, 0.29, 0.45320821529745037, *, -1.0630519590702612
Wayne Shorter vs. all, (N = 34 vs. 1382)
Rank, Feature, Mean (class), Mean (others), Significance (t-test), Cohen's D
1, cdpcx_density_>, 0.027647058823529413, 0.012178002894356004, ***, 0.7238595315694615
2, cdpcx_density_T, 0.06411764705882353, 0.04275687409551375, **, 0.5080885862100137
11, art_std, 0.21617647058823528, 0.18591895803183792, ***, 0.7513103319111831
Woody Shaw vs. all, (N = 23 vs. 1393)
Rank, Feature, Mean (class), Mean (others), Significance (t-test), Cohen's D
0, pitch_median, 71.32608695652173, 65.30150753768844, ***, 1.2171634060855294
7, cdpcx_density_4, 0.1126086956521739, 0.0846159368269921, **, 0.5917256505768985
13, cdpcx_density_b2, 0.05565217391304349, 0.03913854989231874, **, 0.5589219878962065
15, ioiclass_abs_hist_01_very_short, 0.6069565217391305, 0.4382483847810481, **, 0.684216913199032
Wynton Marsalis vs. all, (N = 14 vs. 1402)
Rank, Feature, Mean (class), Mean (others), Significance (t-test), Cohen's D
0, avgtempo, 233.27142857142857, 194.6828102710414, *, 0.5534368523094532
1, mean_number_of_unique_pc, 8.805, 6.757874465049929, ***, 0.9854085789403692
9, mean_length_chromatic_descending, 3.823571428571429, 2.8970256776034238, *, 0.5491991618367574
10, aic_mean_seg_len_01_very_short, 4.724285714285713, 2.8729101283880167, **, 0.7859961113292453
16, pitch_range, 27.571428571428573, 23.174750356633382, *, 0.5361457186985435
Zoot Sims vs. all, (N = 8 vs. 1408)
Rank, Feature, Mean (class), Mean (others), Significance (t-test), Cohen's D
0, art_median, 0.9, 0.8449431818181817, *, 0.7813780588812367
1, durclass_rel_hist_04_long, 0.095, 0.028828125000000003, *, 0.8018197325368196
2, durclass_bigram_entropy, 2.63625, 1.8927485795454544, *, 0.912339535137572
3, art_range, 0.7124999999999999, 0.846228693181818, **, -0.9392555143946376
4, durclass_abs_hist_03_medium, 0.28125, 0.06441051136363637, ***, 1.931142065761756
15, pitch_median, 61.375, 65.42223011363636, *, -0.8096394752661469
18, mean_length_step_ascending, 2.6775, 3.691782670454545, *, -0.7716103637637778
