Freddie Hubbard vs. Buck Clayton-Charlie Shavers-Chet Baker-Clifford Brown-Dizzy Gillespie-Don Ellis-Fats Navarro-Harry Edison-Henry Allen-Kenny Dorham-Kenny Wheeler-Lee Morgan-Louis Armstrong-Miles Davis-Nat Adderley-Roy Eldridge-Woody Shaw-Wynton Marsalis, (N = 19 vs. 266)
Rank, Feature, Mean (class), Mean (others), Significance (t-test), Cohen's D
1, abs_int_mean, 2.642631578947368, 2.3785338345864657, *, 0.5018518329335947
3, int_std, 3.5931578947368426, 3.0408270676691727, **, 0.7112324777243682
13, fuzzyint_hist_04_step_up, 0.1831578947368421, 0.27131578947368423, ***, -0.8142887208705928
