Chet Baker vs. Gerry Mulligan-Stan Getz-Zoot Sims-Lee Konitz-Warne Marsh, (N = 15 vs. 83)
Rank, Feature, Mean (class), Mean (others), Significance (t-test), Cohen's D
3, mean_length_seq_descending, 4.1546666666666665, 4.726265060240964, *, -0.5919198486083146
5, pitch_median, 68.53333333333333, 63.59036144578313, ***, 1.1525301873039988
6, durclass_bigram_entropy, 2.502, 1.7801204819277112, **, 0.9238797396862849
16, ric_mean_seg_len_03_medium, 1.8953333333333333, 1.3957831325301207, ***, 1.0349900000843018
18, event_density, 3.6, 5.061927710843374, ***, -1.0796276002104543
19, aic_mean_seg_len_01_very_short, 1.3339999999999999, 2.6031325301204817, **, -0.8030408034977099
